赤経時,赤経分,赤経秒,赤緯符号,赤緯度,赤緯分,赤緯秒,視等級
0,1,4.6,0,48,48,35.5,5.71
0,1,35.85,0,77,3,55.1,4.78
0,1,49.44,0,3,1,38.9,5.13
0,1,57.59,0,6,0,50.3,4.37
0,2,9.65,1,27,5,4.2,5.8
0,2,19.91,0,29,43,13.6,5.04
0,2,24.17,1,8,57,24.6,6.33
0,2,29.76,1,8,29,8.1,5.7
0,3,44.37,0,17,20,9.5,4.55
0,4,13.66,1,62,17,15.6,5.9
0,4,30.12,0,10,30,34.2,4.99
0,5,20.15,0,5,42,28.2,4.61
0,5,41.94,1,13,23,46.6,5.55
0,6,26.53,1,64,11,46.2,5.57
0,8,12.09,0,2,26,51.7,6.18
0,8,23.17,1,29,5,27.0,2.07
0,9,2.34,1,18,12,43.3,5.57
0,9,10.09,1,59,9,0.8,2.28
0,9,21.02,0,27,59,16.5,5.42
0,9,24.54,0,45,44,49.2,3.88
0,10,2.18,1,11,8,44.9,5.54
0,10,2.27,0,82,13,26.4,5.29
0,10,19.24,1,46,4,20.2,5.01
0,11,15.91,0,15,28,2.4,4.89
0,11,34.42,0,27,47,59.2,5.41
0,11,43.89,0,35,8,0.2,5.24
0,13,14.15,1,15,11,1.0,2.83
0,13,30.94,1,41,2,8.6,5.71
0,14,36.11,1,20,12,24.1,4.79
0,14,38.43,0,18,55,57.7,4.44
0,14,58.78,1,8,49,15.7,6.02
0,16,34.06,1,8,14,24.7,6.12
0,17,5.54,1,38,40,54.0,4.61
0,18,19.71,1,36,47,7.2,4.51
0,18,42.15,1,43,47,28.1,6.1
0,19,25.68,0,8,49,25.8,3.56
0,20,1.91,0,64,52,39.4,4.23
0,20,35.86,1,8,11,24.9,5.38
0,20,39.04,0,69,37,29.7,5.5
0,21,7.23,1,37,58,7.3,5.16
0,21,31.18,0,28,58,52.7,5.18
0,22,25.45,1,13,28,56.8,6.25
0,22,51.55,0,12,12,34.5,6.39
0,24,47.49,1,61,49,51.8,5.38
0,25,24.22,1,1,56,23.0,5.77
0,25,39.2,0,77,15,18.1,2.82
0,26,12.12,0,43,40,47.7,3.93
0,26,16.87,0,42,18,18.4,2.4
0,26,37.37,0,0,2,58.3,6.16
0,27,55.71,0,33,0,25.4,4.86
0,28,2.84,1,17,53,35.1,5.01
0,28,12.69,1,16,26,42.4,6.05
0,30,2.35,0,3,57,26.3,5.72
0,30,7.34,1,29,45,6.1,5.2
0,31,24.86,0,48,48,12.8,4.76
0,31,25.2,1,66,31,10.7,6.18
0,31,32.56,0,62,57,29.1,4.36
0,31,33.36,0,62,57,55.6,4.53
0,31,46.32,1,54,31,20.4,4.74
0,32,23.75,1,6,57,19.6,5.69
0,32,35.4,1,20,17,40.0,5.38
0,32,59.99,1,62,55,54.4,4.17
0,33,23.23,0,71,15,58.4,6.11
0,34,24.89,1,66,45,1.3,6.47
0,35,14.64,0,3,35,33.9,5.2
0,35,32.75,0,0,30,19.7,5.94
0,35,41.13,0,48,0,2.4,5.51
0,36,47.31,1,15,13,54.3,5.89
0,36,52.84,1,33,43,9.7,4.34
0,36,58.27,1,53,53,49.0,3.69
0,38,33.5,1,29,18,44.5,4.34
0,39,19.6,1,30,51,40.4,3.27
0,39,22.09,1,21,15,4.9,5.88
0,39,55.55,1,21,26,18.8,5.36
0,40,30.39,1,56,32,14.7,2.24
0,41,7.2,1,39,27,31.2,5.3
0,41,19.58,0,46,5,6.0,4.59
0,41,46.3,0,56,30,5.2,5.72
0,42,3.88,1,50,30,45.1,4.8
0,42,28.3,0,65,28,5.3,5.38
0,42,42.89,0,38,27,48.5,6.05
0,43,21.24,0,57,27,47.2,4.36
0,43,28.09,1,47,1,28.7,4.95
0,43,35.23,0,17,59,12.1,2.04
0,44,11.41,0,10,36,33.4,4.77
0,44,11.92,0,38,25,19.1,5.9
0,44,43.5,1,48,17,3.8,4.48
0,45,28.71,0,12,52,49.1,6.15
0,45,39.11,1,74,59,17.3,5.64
0,46,32.98,1,15,28,32.2,5.36
0,47,1.43,1,11,58,26.2,5.51
0,47,13.56,1,19,34,43.3,6.11
0,47,20.39,1,24,16,2.6,4.08
0,47,23.62,1,6,44,27.5,5.98
0,47,46.02,1,74,50,51.3,5.42
0,47,54.73,1,20,55,31.1,6.51
0,48,17.34,1,7,17,59.7,5.92
0,48,35.12,0,74,55,24.1,5.09
0,48,40.9,1,7,35,6.7,4.44
0,48,49.99,1,50,58,5.5,4.9
0,48,58.71,1,16,56,28.1,5.07
0,49,5.1,1,57,48,59.6,3.46
0,49,48.83,1,41,4,44.2,4.53
0,49,53.11,1,27,42,37.1,5.55
0,50,7.72,0,10,38,37.6,5.17
0,50,41.13,0,50,59,12.9,5.24
0,52,24.51,0,69,30,12.9,6.67
0,53,0.49,0,1,8,39.2,4.78
0,54,17.58,0,8,44,26.0,6.15
0,54,35.22,1,19,11,18.4,5.8
0,54,58.02,1,23,37,42.4,5.46
0,55,0.19,1,58,58,22.1,4.83
0,55,0.3,0,69,31,37.1,5.45
0,55,58.52,1,27,12,33.7,6.08
0,56,1.51,0,11,15,59.4,5.35
0,56,40.01,1,59,10,52.2,4.62
0,56,42.5,1,60,43,0.3,2.15
0,56,45.1,1,38,29,57.3,3.86
0,57,12.43,1,23,25,3.9,4.4
0,57,50.15,1,28,59,32.0,5.44
0,58,36.35,0,29,21,26.9,4.3
0,58,43.89,0,11,22,47.8,5.62
1,1,18.23,0,38,54,59.9,5.59
1,2,26.38,0,31,33,7.4,5.5
1,2,49.09,1,31,48,15.6,5.5
1,2,54.28,1,41,20,42.7,5.95
1,2,56.66,1,7,53,24.3,4.27
1,3,2.6,0,4,50,10.9,5.4
1,3,48.96,1,1,22,1.0,6.06
1,4,52.62,1,5,39,22.7,6.03
1,5,5.35,1,14,56,45.6,5.64
1,5,36.9,0,9,58,45.3,6.09
1,5,40.93,1,21,28,23.6,5.33
1,5,41.68,1,21,27,55.7,5.55
1,5,49.22,1,4,54,31.2,6.35
1,5,51.42,1,4,54,35.0,7.26
1,6,5.13,0,9,50,21.7,5.58
1,6,5.11,0,46,43,6.6,3.32
1,6,33.62,1,12,57,21.5,6.14
1,7,18.57,0,61,46,30.9,5.36
1,7,46.12,0,9,47,8.1,5.71
1,7,47.83,0,41,29,13.0,5.21
1,7,57.11,1,20,44,21.6,5.56
1,8,0.72,1,43,56,32.1,5.04
1,8,1.2,1,32,0,43.9,6.23
1,8,12.92,1,54,55,27.2,5.17
1,8,22.34,1,5,39,0.8,5.51
1,8,23.06,0,55,14,45.0,3.94
1,8,35.26,0,10,10,54.9,3.46
1,9,30.12,1,47,14,30.6,4.26
1,9,43.8,1,35,37,15.0,2.07
1,9,49.2,1,19,39,30.2,5.57
1,10,11.96,0,8,54,21.7,6.4
1,10,18.85,1,42,4,53.7,5.67
1,10,33.56,1,2,26,44.6,5.97
1,10,39.27,1,68,46,43.3,5.32
1,11,5.93,1,55,8,59.8,4.34
1,11,6.77,1,31,25,29.2,5.15
1,11,10.29,1,37,43,26.9,5.8
1,11,27.19,1,21,2,4.8,4.66
1,11,39.59,1,30,5,23.0,4.51
1,11,41.37,1,65,1,8.0,5.57
1,11,43.54,0,2,15,3.7,5.93
1,13,43.8,1,7,34,31.8,5.21
1,13,44.94,1,24,35,1.6,4.67
1,13,45.17,1,7,34,42.2,6.44
1,14,7.65,1,16,8,0.8,5.97
1,14,23.97,0,7,55,24.6,5.14
1,14,42.4,1,6,59,42.7,6.04
1,14,49.18,0,0,58,27.5,5.7
1,15,10.57,0,45,31,55.5,4.97
1,15,45.5,0,68,52,34.5,4.25
1,16,36.35,0,2,30,0.8,5.42
1,17,47.98,1,3,36,52.3,5.13
1,19,27.98,1,27,15,50.7,4.74
1,19,48.29,0,0,30,32.4,5.87
1,20,4.92,1,58,13,53.8,4.95
1,21,5.19,1,64,39,29.5,6.33
1,21,7.35,1,28,44,18.2,5.23
1,22,20.39,1,45,31,43.5,4.87
1,22,34.82,0,0,26,58.7,6.5
1,23,40.56,1,37,42,54.0,5.6
1,24,1.45,0,8,10,57.9,3.6
1,24,2.43,0,8,0,26.1,6.21
1,25,37.21,0,14,35,55.5,4.9
1,25,48.6,1,60,14,7.5,2.66
1,25,55.9,1,68,7,47.8,4.72
1,26,15.28,1,19,10,20.4,5.35
1,26,41.65,1,19,14,26.0,5.5
1,26,51.56,0,13,3,23.5,5.51
1,27,39.09,1,45,24,25.0,4.83
1,28,21.94,0,43,19,3.8,3.41
1,29,36.1,0,21,37,45.6,5.11
1,29,52.83,1,18,21,20.4,6.01
1,30,6.1,1,47,0,26.6,5.27
1,30,10.94,1,6,8,38.2,4.84
1,31,13.52,1,70,15,53.2,5.82
1,31,14.98,0,49,4,23.1,3.93
1,31,28.99,1,15,20,45.0,3.62
1,33,55.93,1,59,13,55.5,4.68
1,34,37.72,0,15,40,34.9,5.62
1,35,46.44,1,14,39,41.2,6.23
1,35,58.96,0,15,24,0.8,5.41
1,36,8.43,0,29,54,26.8,5.69
1,36,47.98,1,41,24,23.0,4.1
1,37,5.96,1,12,8,29.4,5.54
1,37,42.75,0,57,14,12.0,0.45
1,37,59.5,1,48,37,42.6,3.59
1,38,30.94,1,73,2,24.3,5.28
1,39,21.02,1,44,23,10.1,5.01
1,39,40.77,1,16,24,21.2,5.98
1,39,47.24,0,56,11,47.2,5.76
1,40,34.8,1,40,34,37.6,4.96
1,41,21.29,0,79,8,53.7,6.33
1,41,25.91,1,5,29,15.4,4.45
1,42,8.65,0,32,19,36.7,5.25
1,42,20.44,1,68,2,35.0,5.57
1,42,29.15,0,53,44,26.1,5.52
1,42,29.95,1,20,16,12.5,5.24
1,42,55.73,1,70,37,21.2,5.18
1,43,19.74,1,60,33,4.9,5.78
1,43,39.62,1,50,41,19.6,4.01
1,44,5.13,0,15,56,22.4,3.49
1,44,55.85,1,20,5,0.3,6.27
1,45,23.59,1,9,9,27.5,4.26
1,45,38.65,0,25,3,8.8,5.29
1,46,6.14,0,53,31,19.9,5.04
1,47,46.69,0,80,10,34.2,6.05
1,48,10.9,1,16,57,20.3,5.86
1,49,35.19,0,10,41,10.3,4.66
1,50,8.58,1,22,16,31.3,5.83
1,51,27.61,0,10,20,5.8,3.74
1,51,59.31,1,55,8,50.7,5.53
1,52,9.35,1,50,47,34.3,5.7
1,53,4.9,1,29,34,45.8,3.42
1,53,17.35,1,40,43,47.3,5.42
1,53,31.77,1,19,17,38.7,3.88
1,53,33.34,1,3,11,14.9,4.61
1,53,38.82,0,46,18,8.8,4.39
1,54,22.06,0,42,29,48.8,5.12
1,54,23.68,1,63,40,12.5,3.35
1,54,38.35,1,20,48,29.9,2.64
1,54,56.01,0,67,38,50.9,4.68
1,55,50.25,0,78,20,55.2,6.15
1,55,51.03,1,23,34,38.4,5.76
1,55,56.83,0,51,36,34.5,3.69
1,56,0.0,1,68,41,7.0,4.97
1,56,9.23,1,37,15,6.5,5.69
1,56,40.16,0,22,31,36.2,4.92
1,57,21.03,1,17,49,3.3,5.09
1,57,55.78,1,23,35,45.9,4.79
1,58,33.5,1,49,12,15.3,5.7
1,58,45.87,0,61,34,11.7,2.86
1,59,46.19,0,20,49,28.5,5.43
2,0,0.22,0,21,4,40.0,3.99
2,0,9.02,1,3,5,51.5,5.89
2,1,14.8,0,30,0,5.6,5.34
2,1,42.4,0,44,42,48.2,5.15
2,1,57.55,1,70,54,25.4,4.49
2,2,2.8,1,2,45,49.5,3.82
2,2,18.07,1,54,29,15.2,4.99
2,2,52.49,1,64,54,5.4,6.0
2,2,57.97,1,33,17,2.9,5.5
2,3,0.19,1,64,23,24.1,5.59
2,3,11.61,1,0,7,42.4,5.42
2,3,26.19,1,72,25,16.5,3.95
2,3,39.26,1,25,56,7.6,5.64
2,3,48.12,0,0,20,24.5,5.96
2,3,53.92,1,42,19,47.5,2.1
2,4,29.43,0,29,17,48.6,4.68
2,5,7.05,1,77,16,53.2,5.27
2,5,31.58,1,76,6,54.4,5.22
2,6,33.91,1,22,38,54.3,5.03
2,6,49.22,1,25,42,16.5,6.01
2,7,10.29,1,23,27,46.0,2.01
2,8,29.15,1,37,51,33.1,4.78
2,9,25.29,1,25,56,23.9,4.98
2,9,32.52,1,34,59,14.6,3.0
2,10,37.54,1,19,30,1.5,5.68
2,10,52.83,1,39,2,22.5,6.09
2,10,53.67,1,39,2,36.0,6.82
2,11,12.06,1,25,56,13.0,6.01
2,11,21.16,1,8,34,12.3,5.64
2,11,25.0,1,31,31,35.1,6.24
2,11,29.19,1,57,38,44.0,6.38
2,11,35.84,0,1,49,31.3,5.94
2,12,22.32,1,30,18,11.6,4.94
2,12,47.32,0,2,23,36.5,5.65
2,12,47.98,1,21,12,39.5,5.23
2,12,54.46,0,30,43,25.8,5.27
2,13,0.01,1,8,50,48.3,4.36
2,13,3.25,1,15,16,47.7,5.72
2,13,13.34,1,44,13,54.1,4.84
2,13,36.02,1,51,3,58.4,5.31
2,14,14.5,0,67,50,29.6,5.57
2,14,29.1,1,66,31,28.0,6.05
2,15,28.56,0,67,44,46.8,5.67
2,15,42.83,1,25,2,35.7,5.57
2,15,45.94,1,25,46,59.2,5.79
2,15,56.3,1,33,21,32.3,5.25
2,16,30.5,0,51,30,43.6,3.56
2,16,58.99,0,6,25,18.7,5.51
2,17,2.42,1,34,13,29.4,4.84
2,17,18.84,1,33,50,50.4,4.03
2,17,59.82,1,57,53,59.3,5.75
2,18,4.6,1,57,30,58.8,5.99
2,18,7.55,1,19,54,4.2,5.58
2,18,56.99,1,28,38,33.6,5.29
2,19,16.85,1,47,22,48.0,5.31
2,19,20.79,0,2,58,37.4,6.47
2,20,58.17,1,50,9,5.5,5.57
2,21,45.02,0,68,39,33.9,4.08
2,21,56.64,1,0,23,44.5,5.29
2,22,12.41,0,0,53,5.1,5.42
2,22,21.43,1,55,50,44.4,5.16
2,22,32.42,0,23,48,58.7,5.19
2,22,52.47,0,73,38,45.0,5.99
2,24,24.89,1,50,0,23.9,5.19
2,24,49.04,1,10,36,38.2,5.48
2,24,53.99,0,60,18,41.9,5.36
2,24,58.39,0,2,46,48.1,6.34
2,25,16.03,1,56,36,35.4,6.25
2,25,37.4,1,50,16,43.2,4.73
2,25,57.01,0,12,17,25.6,4.88
2,26,59.1,0,47,42,13.8,4.24
2,27,27.79,1,31,48,4.9,5.55
2,27,51.75,1,50,34,12.7,6.16
2,28,1.69,0,33,48,39.8,5.13
2,28,9.52,1,8,27,36.3,4.3
2,28,9.99,1,29,40,10.3,5.29
2,28,48.54,1,29,55,53.7,5.89
2,29,3.99,1,67,24,8.6,4.46
2,30,38.37,1,19,51,19.4,6.14
2,30,54.38,1,17,42,14.6,6.21
2,31,40.12,0,79,6,33.3,5.27
2,31,47.08,1,89,15,50.9,1.97
2,32,5.28,0,15,14,39.6,4.74
2,32,6.14,1,36,8,50.0,5.15
2,32,9.44,0,1,2,5.3,5.36
2,32,54.15,1,15,2,4.1,6.0
2,33,7.04,0,34,38,59.7,5.91
2,33,50.71,0,28,13,56.4,4.96
2,34,42.59,0,7,51,33.4,5.74
2,35,46.8,1,34,41,15.7,5.38
2,35,52.49,1,5,35,35.9,4.87
2,36,0.07,0,7,49,53.2,5.53
2,36,9.28,0,30,2,41.9,5.74
2,36,37.75,1,12,26,52.2,5.64
2,36,57.64,1,24,38,53.1,7.1
2,36,58.62,0,34,34,38.4,5.78
2,37,0.44,1,24,38,50.1,6.48
2,37,24.26,0,52,32,35.1,5.3
2,37,41.78,0,3,23,45.8,5.65
2,38,18.6,0,30,11,38.0,5.84
2,38,49.0,1,21,57,41.2,5.45
2,39,28.95,1,0,19,42.7,4.08
2,39,33.73,0,11,52,17.7,4.83
2,39,35.22,0,68,16,1.0,4.12
2,39,47.92,0,42,53,29.9,4.74
2,40,39.58,0,54,32,59.7,5.21
2,40,39.93,0,39,51,19.1,4.11
2,40,41.03,1,27,3,39.6,5.3
2,41,13.87,0,0,41,43.3,5.72
2,42,14.93,1,40,11,39.8,4.91
2,42,21.92,1,20,0,41.7,5.74
2,42,33.16,0,50,48,3.0,5.4
2,43,2.8,1,55,6,21.9,5.76
2,43,18.12,1,3,14,10.2,3.47
2,43,27.11,1,27,42,25.8,4.65
2,44,5.16,1,44,17,49.4,5.43
2,44,7.35,0,13,51,31.2,4.24
2,44,11.69,1,49,13,43.2,4.1
2,44,19.09,1,17,45,50.5,6.4
2,44,32.97,1,15,18,42.8,5.78
2,44,56.37,1,10,6,51.2,4.27
2,44,57.51,1,12,26,45.5,5.17
2,45,5.98,0,18,34,21.5,4.47
2,45,27.45,0,63,42,16.3,5.73
2,45,32.53,0,67,37,0.2,4.83
2,47,33.78,0,35,33,1.9,6.51
2,47,54.44,1,29,14,50.7,4.52
2,48,32.06,1,18,17,1.9,5.83
2,49,1.37,0,62,48,23.7,5.25
2,49,5.36,0,32,24,22.6,4.45
2,49,17.56,1,17,27,51.6,5.26
2,49,50.99,0,24,33,36.0,6.14
2,49,54.15,0,27,56,31.3,5.39
2,49,58.99,1,27,15,38.8,3.61
2,50,14.75,0,35,50,37.3,5.92
2,50,28.54,0,75,4,0.8,4.76
2,50,34.91,1,38,19,8.1,4.22
2,50,40.4,0,35,40,32.6,5.48
2,50,41.79,1,55,53,43.9,3.77
2,51,2.35,0,21,0,14.3,4.76
2,51,29.57,1,15,4,55.7,5.52
2,51,30.83,1,35,3,35.6,4.56
2,53,34.35,0,38,26,13.5,5.93
2,53,42.58,1,38,20,15.6,5.34
2,54,15.46,1,52,45,45.0,3.93
2,55,48.5,1,18,19,54.0,5.76
2,56,25.6,0,8,53,51.4,3.89
2,56,25.98,1,18,1,25.1,5.58
2,57,17.28,1,31,56,3.5,5.1
2,57,23.7,0,23,51,43.5,5.44
2,58,5.08,1,20,40,7.7,5.8
2,58,5.69,0,23,36,22.1,5.82
2,58,15.72,0,40,18,17.0,2.88
2,58,45.65,1,39,39,46.2,4.68
2,58,47.77,0,64,4,16.7,4.98
2,59,3.71,1,35,10,59.2,4.94
2,59,12.73,1,21,20,25.6,4.63
2,59,36.07,0,25,16,27.6,5.69
2,59,41.16,0,2,27,53.6,5.56
2,59,42.9,1,8,54,26.6,4.71
3,0,50.88,0,2,52,43.1,6.11
3,1,9.97,0,7,39,46.2,5.75
3,1,37.45,0,28,5,25.7,5.88
3,1,54.15,1,26,27,44.4,5.91
3,2,15.4,0,71,54,9.0,5.51
3,2,16.78,1,4,5,23.7,2.54
3,2,22.51,1,4,21,10.3,5.62
3,2,23.59,0,23,37,27.6,4.08
3,2,42.26,0,7,41,7.7,5.32
3,3,36.9,0,59,44,15.4,5.12
3,4,16.48,0,7,36,3.2,5.26
3,4,47.79,1,53,30,23.2,2.91
3,5,10.5,1,38,50,25.9,3.32
3,5,26.69,1,25,15,18.7,5.45
3,5,32.43,1,56,42,20.0,4.77
3,7,25.69,1,17,52,47.9,6.13
3,8,10.13,1,40,57,20.3,2.09
3,8,21.09,1,18,47,42.3,6.24
3,9,2.88,1,49,36,48.6,4.05
3,9,29.63,1,44,51,28.4,3.79
3,9,36.73,1,29,4,37.6,5.74
3,11,17.4,1,39,36,41.7,4.61
3,11,37.67,1,19,43,36.1,4.35
3,12,4.28,0,28,59,20.8,3.8
3,12,14.24,1,27,15,25.2,5.78
3,12,46.32,0,1,11,45.4,5.07
3,14,54.11,1,21,2,40.7,4.87
3,15,50.03,0,8,49,11.4,4.8
3,15,57.36,0,77,23,19.0,5.51
3,16,35.77,0,9,9,17.1,6.14
3,17,44.47,0,62,34,36.8,5.53
3,17,47.33,1,44,1,30.3,5.49
3,18,11.14,0,62,30,28.6,5.24
3,18,22.1,0,22,30,40.1,4.86
3,18,22.28,0,0,55,48.5,5.62
3,18,37.72,1,50,13,20.0,5.16
3,19,7.62,1,50,5,42.1,5.05
3,19,21.54,1,3,22,11.9,4.84
3,19,30.97,0,21,45,28.6,3.7
3,19,53.22,0,43,4,17.6,4.26
3,19,55.81,1,27,4,16.7,5.91
3,20,25.57,1,25,39,46.7,6.14
3,21,6.77,1,3,40,32.5,5.7
3,21,13.61,1,21,8,49.7,5.27
3,21,26.61,1,43,19,46.7,4.96
3,22,11.89,1,27,36,27.3,5.55
3,22,45.27,1,20,44,31.6,5.1
3,24,18.46,1,24,43,27.1,5.5
3,24,19.35,1,49,51,40.5,1.79
3,24,26.11,1,20,48,12.6,6.07
3,24,48.84,1,9,1,44.6,3.61
3,25,55.82,0,35,55,15.1,6.39
3,27,10.12,1,9,43,58.0,3.73
3,27,33.37,0,35,40,52.8,5.71
3,28,11.5,0,35,51,12.3,6.49
3,28,26.57,1,22,48,15.4,6.03
3,29,22.03,1,49,30,32.5,4.67
3,29,22.19,0,62,56,18.4,4.71
3,30,24.48,1,11,20,11.3,5.14
3,30,34.48,1,47,59,42.6,4.36
3,30,37.05,0,5,4,30.6,4.74
3,30,52.37,1,12,56,12.1,4.14
3,32,26.3,1,46,3,25.4,5.3
3,32,35.93,1,9,22,24.8,5.76
3,32,56.42,0,9,27,29.9,3.72
3,33,47.25,0,21,37,58.1,4.26
3,34,26.62,1,24,27,52.1,5.95
3,36,17.39,0,17,28,1.3,5.24
3,36,29.36,1,48,11,33.7,4.32
3,36,52.52,1,0,24,10.2,4.29
3,36,58.03,1,23,12,40.0,6.72
3,37,5.68,0,40,16,28.2,4.57
3,38,47.66,0,27,56,35.2,6.01
3,39,1.13,0,5,37,32.5,5.97
3,39,51.14,1,3,3,24.6,5.55
3,40,38.33,0,5,12,38.5,5.53
3,40,46.3,1,25,19,46.3,6.11
3,42,14.9,0,31,56,18.2,4.99
3,42,18.94,1,19,42,1.0,5.68
3,42,22.64,1,33,57,54.1,4.97
3,42,50.12,0,37,18,48.0,4.59
3,42,55.48,1,47,47,15.6,3.01
3,43,14.96,0,9,45,54.7,3.52
3,43,47.14,1,19,39,54.6,6.13
3,44,11.55,0,64,48,25.5,3.84
3,44,19.13,1,32,17,17.8,3.84
3,44,30.51,0,1,9,47.1,5.24
3,44,48.2,1,24,17,22.5,5.45
3,44,52.52,1,24,6,48.4,3.72
3,44,56.46,0,0,17,48.2,5.56
3,45,9.73,1,24,50,21.7,5.66
3,45,11.64,1,42,34,42.8,3.77
3,45,12.48,1,24,28,2.6,4.3
3,45,40.43,1,6,3,0.1,5.34
3,45,49.59,1,24,22,4.3,3.87
3,45,54.46,1,24,33,16.6,5.76
3,46,2.89,1,24,31,40.8,6.43
3,46,8.5,0,12,6,6.2,4.43
3,46,19.56,1,23,56,54.5,4.14
3,46,27.42,0,29,20,17.4,5.91
3,46,50.99,0,23,14,54.4,4.22
3,47,14.23,0,74,14,21.3,3.26
3,47,29.06,1,24,6,18.9,2.85
3,47,39.62,0,23,52,29.3,5.24
3,47,56.02,0,30,10,2.4,5.52
3,48,16.25,1,11,8,36.1,5.08
3,49,9.73,1,24,3,12.7,3.62
3,49,11.2,1,24,8,12.6,5.05
3,49,27.28,0,36,12,0.4,4.17
3,49,32.7,1,33,5,29.0,5.14
3,50,21.48,1,71,19,56.5,4.59
3,52,0.22,1,6,32,5.7,5.66
3,52,41.65,0,5,21,40.5,5.48
3,53,38.92,0,34,43,56.3,5.11
3,53,42.68,0,24,36,44.0,4.64
3,54,7.92,1,31,53,1.2,2.84
3,54,17.49,0,2,57,17.0,4.46
3,56,36.44,1,50,41,44.5,5.28
3,56,52.03,1,22,28,41.7,5.62
3,57,3.8,1,23,10,32.1,6.05
3,57,51.22,1,40,0,37.0,2.9
3,58,1.73,0,13,30,29.7,2.97
3,58,44.74,0,61,24,0.5,4.56
3,58,57.9,1,35,47,27.7,3.98
3,59,55.48,0,24,0,58.5,4.62
4,0,40.82,1,12,29,25.4,3.41
4,0,53.81,0,62,9,33.7,4.48
4,1,18.07,0,61,4,44.6,4.97
4,1,32.03,0,1,32,58.7,5.28
4,3,9.38,1,5,59,21.5,3.91
4,3,44.6,1,5,26,8.3,5.32
4,4,21.67,1,24,6,21.7,5.46
4,4,41.66,1,22,4,55.4,4.36
4,5,20.15,1,22,0,33.2,5.9
4,6,35.06,1,50,21,4.9,4.25
4,6,36.4,1,27,36,0.1,5.18
4,7,0.52,1,29,0,4.6,5.21
4,8,15.46,1,37,43,40.7,6.07
4,8,36.49,1,38,2,24.8,5.52
4,8,39.67,1,47,42,45.3,3.96
4,9,9.9,1,19,36,33.5,5.51
4,10,22.52,0,6,55,25.8,5.44
4,10,49.88,1,26,28,51.7,5.39
4,10,50.43,0,41,59,37.5,4.93
4,11,20.2,1,5,31,22.9,5.71
4,11,51.93,0,6,50,16.0,4.04
4,13,33.11,1,7,42,57.7,5.29
4,13,56.39,1,9,15,50.0,4.84
4,14,0.08,0,42,17,37.9,3.85
4,14,23.69,0,10,15,21.2,4.87
4,14,25.43,0,62,28,26.3,3.33
4,14,53.31,1,40,29,1.4,4.67
4,14,53.86,1,48,24,33.7,4.12
4,15,17.64,0,7,38,40.4,4.43
4,15,32.05,1,8,53,32.7,4.27
4,15,46.21,1,15,24,2.7,6.31
4,16,1.49,0,51,29,13.5,4.26
4,16,29.08,0,59,18,6.3,4.44
4,17,15.69,1,20,34,43.5,4.93
4,17,40.27,0,63,15,19.8,5.88
4,17,53.62,0,33,47,54.0,3.55
4,17,59.18,0,80,12,51.1,5.67
4,18,14.58,1,50,17,44.3,4.6
4,18,23.14,1,21,34,45.8,5.64
4,19,26.08,1,21,8,32.7,5.5
4,19,36.69,1,21,46,24.9,5.34
4,19,47.53,1,15,37,39.7,3.65
4,19,57.63,1,14,2,6.9,5.58
4,20,21.23,1,27,21,3.4,4.97
4,20,24.66,1,34,34,0.3,4.93
4,20,36.24,1,15,5,43.8,5.26
4,20,58.03,0,81,34,48.8,5.78
4,21,33.15,1,46,29,56.3,4.8
4,21,53.22,0,63,23,12.5,5.24
4,22,3.45,1,14,4,38.1,5.72
4,22,34.93,1,25,37,45.7,5.38
4,22,56.03,1,17,32,33.3,3.77
4,23,25.0,1,16,46,38.4,5.64
4,23,40.88,0,3,44,43.2,5.17
4,23,51.84,1,9,27,39.5,5.1
4,23,59.76,1,24,18,3.7,6.34
4,24,2.17,0,34,1,1.2,3.97
4,24,5.69,1,17,26,39.2,4.8
4,24,29.14,1,34,7,51.0,5.73
4,24,37.42,1,33,57,35.6,5.77
4,25,22.1,1,22,17,38.3,4.21
4,25,24.94,1,22,12,0.4,5.27
4,25,29.32,1,17,55,40.8,4.3
4,25,37.25,1,15,56,27.9,6.44
4,26,18.39,1,22,48,49.3,4.28
4,26,20.67,1,15,37,6.0,4.48
4,26,36.38,1,14,42,49.9,4.69
4,27,17.45,1,22,59,46.9,5.53
4,28,23.34,1,14,44,27.7,5.9
4,28,26.37,1,16,21,34.7,4.96
4,28,34.43,1,15,57,44.0,3.84
4,28,36.93,1,19,10,49.9,3.53
4,28,39.67,1,15,52,15.4,3.4
4,28,50.1,1,13,2,51.5,5.02
4,30,8.53,1,15,38,16.4,5.58
4,30,37.3,1,13,43,28.0,5.4
4,30,38.83,1,15,41,31.0,5.47
4,30,50.1,0,44,57,13.5,5.07
4,31,51.69,1,15,51,5.9,6.01
4,31,52.67,0,0,2,38.4,4.91
4,32,1.84,1,53,54,39.0,5.78
4,33,24.9,1,43,3,50.0,6.09
4,33,30.63,0,29,45,57.0,4.49
4,33,50.86,1,14,50,40.2,4.65
4,33,54.73,0,6,44,20.0,5.71
4,33,59.72,0,55,2,42.0,3.3
4,34,11.64,0,8,13,52.9,5.2
4,35,33.07,0,30,33,44.3,3.81
4,35,39.23,1,10,9,39.3,4.25
4,35,55.2,1,16,30,35.1,0.87
4,36,19.14,0,3,21,8.8,3.93
4,36,41.43,1,41,15,53.5,4.25
4,37,36.11,0,2,28,24.2,5.22
4,38,9.38,1,16,2,0.2,5.78
4,38,9.4,1,12,30,39.1,4.27
4,38,10.87,0,14,18,12.9,3.86
4,39,9.2,1,15,48,0.1,5.08
4,39,16.45,1,15,55,4.9,4.67
4,39,54.69,1,53,4,46.5,5.07
4,39,58.03,1,53,28,23.7,5.36
4,40,3.42,1,12,11,51.5,5.45
4,40,26.49,0,19,40,16.5,4.32
4,40,33.82,0,41,51,48.9,4.44
4,42,3.45,0,37,8,41.2,5.04
4,42,14.7,1,22,57,25.1,4.27
4,42,46.46,0,50,28,53.1,5.3
4,42,54.3,1,43,21,55.0,5.3
4,43,3.95,0,70,55,52.0,5.53
4,43,13.75,1,24,5,20.3,6.18
4,43,34.73,0,8,47,39.3,5.98
4,44,5.32,0,8,30,12.9,5.78
4,44,21.12,0,59,43,58.2,5.28
4,45,30.14,0,3,15,16.6,4.01
4,47,36.21,0,16,56,5.5,5.49
4,47,49.56,0,30,1,14.2,6.35
4,48,0.22,1,56,45,27.1,5.29
4,48,32.53,0,16,19,46.5,5.76
4,49,44.08,1,15,54,15.3,6.09
4,49,50.14,1,6,57,40.5,3.19
4,49,54.67,1,37,29,17.5,4.89
4,50,11.59,0,16,13,2.2,5.03
4,50,36.72,1,8,54,0.9,4.35
4,50,55.39,0,53,27,42.2,5.58
4,50,56.58,0,53,27,35.7,6.42
4,51,12.37,1,5,36,18.4,3.68
4,51,22.41,1,18,50,23.8,5.08
4,52,31.96,1,14,15,2.8,4.71
4,52,38.0,1,36,42,11.5,4.79
4,52,53.68,0,5,27,9.9,4.36
4,53,22.76,1,2,30,29.8,5.33
4,54,3.01,1,66,20,33.6,4.26
4,54,15.1,1,2,26,26.4,3.71
4,54,46.91,1,11,25,33.5,5.18
4,54,53.7,1,10,9,4.1,4.64
4,55,3.14,1,55,15,32.9,5.52
4,55,11.14,0,74,56,13.2,5.47
4,56,22.32,1,13,30,52.5,4.06
4,56,24.19,0,5,10,16.9,5.5
4,56,59.62,1,33,9,58.1,2.69
4,57,17.22,1,53,45,7.5,4.43
4,57,48.65,1,23,56,54.9,5.79
4,58,9.38,1,25,3,1.9,5.79
4,58,32.9,1,1,42,50.5,4.47
4,58,50.99,0,82,28,13.9,5.84
4,59,15.38,1,37,53,25.7,4.93
4,59,46.34,1,53,9,19.7,6.09
4,59,50.44,0,10,15,46.8,5.39
4,59,55.71,0,12,32,13.9,4.78
5,0,18.35,1,39,23,40.9,5.95
5,0,23.21,1,39,39,16.8,6.46
5,1,26.34,0,7,10,26.3,4.8
5,1,58.13,1,43,49,23.9,3.03
5,2,28.68,1,41,4,33.2,3.69
5,2,43.0,0,71,18,51.6,5.3
5,2,44.94,0,22,47,42.3,5.74
5,2,48.73,0,49,9,5.3,5.37
5,3,5.7,1,21,35,24.2,4.62
5,3,25.1,1,60,26,32.2,4.03
5,4,24.31,0,35,28,58.3,4.55
5,4,26.14,0,35,42,18.7,6.32
5,4,34.14,1,15,24,15.1,4.65
5,4,57.95,0,49,34,40.2,5.05
5,5,27.65,0,22,22,15.1,3.19
5,5,30.69,0,57,28,22.8,4.71
5,6,8.46,1,58,58,20.6,5.22
5,6,12.14,1,59,1,17.1,6.08
5,6,30.87,1,41,14,4.7,3.18
5,6,40.66,1,51,35,53.3,4.98
5,6,45.65,0,4,39,18.6,5.12
5,7,26.68,1,18,38,42.0,4.91
5,7,38.32,1,9,28,21.8,6.15
5,7,48.43,1,20,25,6.4,5.28
5,7,51.03,0,5,5,10.5,2.78
5,7,52.87,1,8,29,54.9,5.33
5,7,55.43,1,21,42,17.4,5.84
5,8,6.62,1,24,15,54.7,5.5
5,8,43.67,0,4,27,22.5,5.11
5,9,8.78,0,8,45,14.7,4.25
5,9,19.6,1,9,49,46.6,5.43
5,9,41.96,1,15,35,50.2,4.81
5,12,17.89,0,11,52,8.9,4.45
5,12,55.87,0,16,12,19.5,3.29
5,13,13.89,0,12,56,28.6,4.36
5,13,17.48,1,2,51,40.5,4.46
5,13,25.73,1,38,29,4.8,4.82
5,13,31.29,1,62,41,28.1,6.49
5,13,45.43,0,67,11,7.3,4.81
5,14,32.27,0,8,12,5.9,0.18
5,15,24.41,1,32,41,15.3,5.01
5,15,27.66,1,22,17,5.5,6.26
5,16,4.14,1,11,20,28.9,5.52
5,16,41.3,1,45,59,56.5,0.08
5,17,29.02,0,34,53,39.8,4.81
5,17,36.4,0,6,50,39.8,3.59
5,18,10.55,1,33,22,19.2,4.54
5,18,18.89,1,33,46,2.7,6.15
5,19,8.08,1,40,6,2.4,4.69
5,19,11.23,1,2,35,45.4,5.34
5,19,16.59,1,22,5,48.1,4.96
5,19,22.11,0,50,36,23.5,5.44
5,19,23.72,1,33,59,7.6,6.49
5,19,27.85,1,58,7,2.7,6.13
5,19,34.53,0,13,10,36.4,4.29
5,19,59.03,0,12,18,56.2,5.29
5,20,0.92,1,33,57,29.0,5.05
5,21,45.75,0,0,22,56.9,4.72
5,21,48.41,1,41,48,16.8,5.22
5,22,22.15,0,56,8,4.0,6.1
5,22,50.0,1,3,32,40.0,4.99
5,23,22.86,1,28,56,12.6,6.45
5,23,27.83,1,57,32,40.3,5.24
5,23,30.16,0,13,55,38.5,5.25
5,23,37.72,1,16,41,57.7,6.09
5,23,56.84,0,7,48,28.6,4.13
5,24,25.31,1,17,23,0.8,5.0
5,24,28.62,0,2,23,49.7,3.35
5,24,28.91,0,0,53,30.0,5.07
5,24,39.14,1,37,23,7.4,5.02
5,24,44.83,1,1,50,47.2,4.89
5,24,46.29,0,52,18,58.2,6.26
5,25,7.87,1,6,20,59.0,1.64
5,26,5.72,1,16,42,0.6,6.23
5,26,17.5,1,28,36,28.3,1.65
5,26,19.28,0,58,54,45.4,5.14
5,26,50.23,1,3,5,44.4,4.59
5,27,10.09,1,17,57,44.2,5.4
5,27,38.08,1,21,56,13.1,4.88
5,27,38.89,1,34,28,33.6,5.08
5,27,45.61,1,15,52,26.8,5.52
5,28,1.6,1,17,14,21.3,5.77
5,28,14.73,0,20,45,33.2,2.81
5,29,16.49,1,25,9,1.1,5.47
5,29,43.98,0,1,5,31.8,4.71
5,30,10.21,1,63,4,2.0,5.43
5,30,13.93,0,84,47,6.8,6.18
5,30,47.05,1,5,56,53.6,4.2
5,31,7.62,0,20,51,48.8,5.53
5,31,12.74,0,35,28,13.6,3.86
5,31,14.53,1,3,17,31.7,5.46
5,31,52.66,0,76,20,30.0,5.18
5,31,55.86,0,7,18,5.5,4.62
5,32,0.4,0,0,17,56.7,2.25
5,32,12.75,1,18,35,39.3,4.32
5,32,33.68,1,57,13,17.8,6.44
5,32,43.67,1,32,11,31.3,4.71
5,32,43.81,0,17,49,20.3,2.58
5,33,31.63,1,18,32,24.8,5.67
5,33,37.52,0,62,29,23.5,3.76
5,33,54.29,1,14,18,20.1,5.6
5,34,16.79,1,3,46,1.0,5.32
5,34,49.24,1,9,29,22.5,4.39
5,35,8.28,1,9,56,3.0,3.39
5,35,15.82,0,5,23,14.3,4.98
5,35,16.47,0,5,23,22.9,5.13
5,35,17.2,0,5,23,15.7,6.71
5,35,22.9,0,5,24,57.8,4.98
5,35,23.16,0,4,50,18.0,4.58
5,35,25.98,0,5,54,35.6,2.75
5,35,27.12,1,24,2,22.7,5.37
5,35,36.13,0,78,49,15.2,6.04
5,35,39.49,0,4,51,21.9,5.24
5,36,12.81,0,1,12,6.9,1.69
5,36,54.33,1,9,17,29.1,4.09
5,37,3.71,1,17,2,25.5,5.53
5,37,8.79,0,80,28,18.0,5.65
5,37,15.07,1,64,9,17.5,6.15
5,37,16.49,0,27,52,16.3,6.15
5,37,38.68,1,21,8,33.3,2.97
5,37,44.64,0,28,41,23.3,5.28
5,38,38.1,1,30,29,32.8,5.4
5,38,44.77,0,2,36,0.2,3.77
5,38,53.09,0,7,12,45.8,4.77
5,39,11.15,1,4,7,17.3,4.5
5,39,38.94,0,34,4,26.6,2.65
5,39,44.19,1,25,53,49.7,5.18
5,40,45.52,0,1,56,33.3,1.74
5,41,17.72,1,16,32,3.1,4.84
5,42,13.96,0,22,22,25.5,5.88
5,42,28.66,1,1,28,28.8,4.9
5,43,1.66,1,56,34,53.2,6.05
5,44,8.46,1,61,28,35.5,6.17
5,44,27.97,0,22,26,51.0,3.59
5,44,46.42,0,65,44,7.9,4.34
5,45,54.05,1,49,49,34.6,5.46
5,45,59.89,0,32,18,23.0,5.18
5,46,30.37,1,56,6,56.6,5.93
5,46,45.49,1,15,49,21.0,6.0
5,46,57.35,0,14,49,19.0,3.55
5,47,13.15,1,14,29,18.3,5.72
5,47,17.08,0,51,4,0.2,3.85
5,47,26.2,1,17,43,44.9,5.47
5,47,42.9,1,13,53,58.7,5.28
5,47,45.39,0,9,40,10.6,2.07
5,47,48.15,0,72,42,8.3,6.54
5,48,0.23,1,6,27,15.2,5.26
5,49,0.96,1,24,34,3.2,4.88
5,49,10.46,1,39,10,52.1,4.51
5,49,32.94,1,12,39,4.9,4.89
5,49,49.58,0,56,9,59.4,4.5
5,49,53.55,0,66,54,4.4,5.1
5,50,16.8,0,79,21,41.5,5.46
5,50,28.9,1,14,18,20.5,5.54
5,50,33.89,1,56,55,8.2,6.53
5,50,57.55,0,35,46,9.5,3.12
5,51,2.41,1,37,18,20.5,4.72
5,51,19.15,0,20,52,39.0,3.76
5,51,21.98,0,7,31,4.8,5.36
5,51,29.39,1,39,8,54.5,3.97
5,52,17.26,1,58,57,50.9,6.14
5,52,22.3,1,14,10,18.5,5.6
5,52,26.44,1,1,51,18.6,4.76
5,53,6.88,0,33,48,5.2,4.88
5,53,19.64,1,27,36,44.2,4.56
5,54,23.08,1,20,16,35.1,4.39
5,54,50.79,1,55,42,24.9,4.96
5,54,56.69,1,19,44,58.6,5.92
5,54,57.83,1,59,53,18.3,5.2
5,55,10.29,1,7,24,25.3,0.45
5,55,29.89,0,37,7,14.2,4.97
5,56,20.94,0,31,22,56.8,5.52
5,56,24.32,0,14,10,4.9,3.71
5,57,32.21,0,35,16,59.9,4.36
5,57,59.66,1,25,57,14.1,4.81
5,58,24.44,1,1,50,13.7,5.89
5,58,49.58,1,0,33,10.7,5.21
5,59,1.07,0,9,22,56.1,6.15
5,59,4.31,0,9,33,29.3,5.04
5,59,8.79,0,42,48,54.4,3.96
5,59,31.55,1,54,17,5.9,3.72
5,59,31.77,1,44,56,50.8,1.9
5,59,43.24,1,37,12,46.0,2.65
5,59,56.1,1,45,56,12.3,4.3
6,0,58.56,1,47,54,7.1,5.71
6,1,50.43,0,10,35,52.6,4.92
6,2,22.99,1,9,38,50.5,4.12
6,3,17.87,1,42,54,42.8,6.08
6,3,27.36,1,19,41,26.2,5.14
6,3,55.18,1,20,8,18.5,4.64
6,4,7.22,1,23,15,49.1,4.16
6,4,20.28,0,32,10,21.8,5.65
6,4,58.19,1,5,25,11.9,5.67
6,4,58.36,1,4,9,31.2,5.63
6,4,59.13,0,16,29,3.9,4.92
6,5,3.42,1,42,58,55.1,5.9
6,6,9.36,0,66,2,22.9,5.72
6,6,9.33,0,14,56,7.0,4.67
6,6,35.09,1,38,28,58.0,5.35
6,6,41.07,0,42,17,55.7,6.15
6,7,31.63,0,37,15,10.5,5.0
6,7,34.32,1,14,46,6.7,4.42
6,7,41.63,0,19,9,57.6,5.28
6,7,52.87,0,42,9,14.4,5.5
6,8,44.34,0,68,50,36.4,5.06
6,9,43.99,1,23,6,48.5,5.75
6,9,58.99,1,58,56,8.3,5.35
6,10,14.2,0,74,45,9.1,5.08
6,10,17.91,0,54,58,7.2,4.72
6,11,15.02,0,65,35,22.9,5.01
6,11,32.31,1,24,25,13.4,5.83
6,11,36.58,1,48,42,40.0,5.78
6,11,56.4,1,14,12,31.7,4.45
6,12,1.34,1,19,47,26.1,5.76
6,12,3.28,1,16,7,49.6,4.95
6,12,19.1,1,22,54,30.7,6.51
6,12,51.05,1,65,43,6.6,5.36
6,14,50.94,1,19,9,24.8,5.2
6,14,51.34,0,6,16,29.0,3.99
6,14,52.7,1,22,30,24.6,3.31
6,15,22.74,1,29,29,55.4,4.32
6,15,25.13,1,16,8,35.5,5.34
6,15,40.51,1,59,59,56.5,5.37
6,15,44.97,1,12,33,3.9,5.44
6,16,19.05,1,23,58,12.2,6.09
6,16,26.57,1,12,16,18.2,5.04
6,16,33.14,0,35,8,26.6,4.37
6,16,58.71,1,23,44,27.3,6.24
6,17,6.62,1,9,56,33.1,5.39
6,17,34.68,1,46,25,26.1,6.53
6,17,35.13,0,10,43,30.0,6.76
6,17,54.83,1,61,30,55.1,5.01
6,18,16.86,1,46,21,38.7,6.33
6,19,22.52,1,23,16,28.2,6.95
6,19,37.39,1,59,0,39.3,4.44
6,19,42.8,0,7,49,22.5,5.27
6,20,18.79,0,30,3,48.2,3.02
6,21,46.11,1,53,27,8.6,5.34
6,22,3.56,1,59,22,19.6,6.05
6,22,6.85,0,33,26,10.6,3.85
6,22,38.23,0,69,59,2.9,5.56
6,22,41.99,0,17,57,21.3,1.98
6,22,55.87,0,56,22,11.7,5.6
6,22,57.59,1,22,30,49.9,2.87
6,23,46.1,1,4,35,34.2,4.39
6,23,46.5,1,4,35,45.1,6.72
6,23,57.09,0,52,41,44.6,-0.62
6,24,53.9,1,49,17,16.4,4.92
6,25,28.65,0,69,41,26.8,5.37
6,25,43.66,0,48,10,36.7,5.76
6,26,48.88,1,58,25,2.7,5.21
6,27,56.69,1,20,29,46.6,6.22
6,27,57.57,0,4,45,43.7,5.06
6,28,10.22,0,32,34,48.5,4.47
6,28,34.09,1,30,29,35.1,5.75
6,28,49.07,0,7,1,59.0,3.76
6,28,57.79,1,20,12,43.8,4.13
6,30,2.98,1,46,41,7.9,5.88
6,30,47.14,1,58,9,48.4,5.86
6,31,37.44,1,15,54,12.7,6.38
6,31,51.37,0,23,25,6.4,4.34
6,31,58.31,0,58,45,13.8,5.69
6,32,19.23,1,4,51,21.6,5.88
6,32,54.23,1,7,19,58.7,4.47
6,34,32.8,1,55,21,10.9,6.45
6,34,46.33,1,7,34,21.0,6.44
6,35,3.38,0,22,57,53.4,4.54
6,35,12.06,1,28,1,20.4,5.26
6,36,22.86,0,18,39,35.8,5.71
6,36,41.0,0,19,15,20.6,3.95
6,37,38.4,1,56,51,27.0,5.87
6,37,41.64,1,61,28,54.8,5.94
6,37,42.7,1,16,23,57.9,1.93
6,37,45.67,0,43,11,45.3,3.17
6,37,53.43,0,18,14,14.8,4.42
6,38,23.02,1,28,59,3.8,5.76
6,38,39.55,1,39,23,28.0,5.7
6,38,49.19,1,39,54,9.3,5.34
6,39,19.83,1,42,29,20.4,4.8
6,39,33.12,1,28,15,47.4,6.02
6,40,2.91,0,80,48,49.4,5.61
6,40,58.66,1,9,53,44.7,4.66
6,41,20.9,1,28,11,47.9,6.45
6,42,24.32,1,17,38,43.9,5.2
6,43,5.01,1,44,31,28.3,5.04
6,43,55.93,1,25,7,52.2,3.06
6,43,59.29,1,13,13,41.3,4.49
6,44,28.47,0,31,4,13.9,5.23
6,44,45.46,1,28,58,15.6,5.42
6,45,9.25,0,16,42,47.3,-1.44
6,45,17.43,1,12,53,45.8,3.35
6,45,54.2,1,12,41,36.8,6.47
6,46,14.15,1,59,26,30.1,4.86
6,46,32.42,1,8,35,13.8,5.92
6,46,44.34,1,43,34,37.3,5.24
6,46,49.49,1,57,10,9.4,5.34
6,46,51.09,0,14,25,33.6,5.28
6,47,1.49,0,21,0,55.5,6.07
6,47,19.84,1,8,2,14.2,4.77
6,47,21.41,0,37,55,46.8,5.27
6,47,39.58,1,48,47,22.1,5.22
6,47,51.66,1,2,24,43.9,4.48
6,48,11.54,0,61,56,31.1,3.24
6,49,49.85,1,16,12,10.5,5.87
6,49,50.47,0,32,30,30.6,3.5
6,49,56.14,0,50,36,51.8,2.94
6,50,25.5,1,13,24,47.5,5.68
6,50,45.96,1,41,46,53.6,4.99
6,50,57.09,1,67,34,18.9,5.14
6,51,26.98,0,70,57,48.5,5.41
6,51,33.05,1,21,45,40.4,5.28
6,52,47.34,1,33,57,40.9,3.6
6,53,1.41,1,38,52,8.9,6.1
6,53,5.06,1,59,26,55.2,5.34
6,53,13.37,1,38,26,18.4,6.32
6,53,32.91,0,20,13,27.3,4.82
6,53,42.24,1,68,53,17.9,5.11
6,53,57.07,1,38,30,18.3,6.46
6,54,7.95,0,24,11,3.2,3.89
6,54,11.48,0,12,2,18.9,4.08
6,54,38.59,1,13,10,40.9,4.73
6,55,2.74,0,20,24,17.5,5.8
6,55,18.69,1,25,22,32.3,5.74
6,55,37.4,0,20,8,11.7,4.66
6,56,6.65,0,14,2,36.4,5.0
6,56,8.23,0,17,3,15.3,4.36
6,56,32.06,1,46,16,26.4,5.85
6,56,34.48,0,79,25,12.7,5.45
6,57,16.6,1,58,25,23.0,4.35
6,57,37.12,1,45,5,38.8,4.9
6,58,25.11,0,34,6,42.2,5.07
6,58,37.55,0,28,58,19.5,1.5
6,58,47.52,1,26,4,51.1,6.2
6,59,2.88,1,38,3,9.4,6.02
6,59,27.94,1,25,54,51.1,6.4
7,0,15.82,1,16,4,44.4,5.73
7,1,43.15,0,27,56,5.4,3.49
7,2,24.78,1,24,12,55.6,5.2
7,2,54.78,0,4,14,21.3,4.99
7,3,1.47,0,23,49,59.9,3.02
7,3,45.49,0,15,37,59.7,4.11
7,3,53.66,0,49,35,3.3,4.92
7,4,2.81,0,42,20,14.8,5.2
7,4,6.54,1,20,34,13.1,4.01
7,5,18.37,1,22,38,14.9,6.0
7,8,22.04,1,15,55,51.3,5.47
7,8,23.49,0,26,23,35.5,1.83
7,8,42.34,0,70,29,50.4,5.68
7,8,44.82,0,70,29,57.1,3.78
7,8,51.08,0,39,39,20.4,4.83
7,10,13.68,0,4,14,15.5,4.91
7,11,8.39,1,30,14,43.0,4.41
7,11,23.08,1,26,51,24.0,5.75
7,11,23.63,0,0,18,6.9,5.44
7,11,39.29,1,39,19,14.0,4.91
7,11,51.86,0,0,29,34.0,4.15
7,12,12.22,0,25,56,33.4,5.91
7,12,15.82,0,40,29,55.6,5.3
7,12,26.39,1,24,7,43.3,5.85
7,12,33.74,0,46,45,34.4,4.49
7,12,49.38,1,25,44,55.3,7.05
7,13,13.37,0,45,10,57.1,4.87
7,13,22.27,1,16,9,32.6,5.07
7,13,32.23,0,44,38,25.9,4.42
7,14,15.22,0,26,21,9.1,4.42
7,14,41.94,1,24,53,6.7,5.84
7,14,48.66,0,26,46,21.7,4.01
7,15,19.41,0,0,9,40.7,6.42
7,15,55.02,1,59,38,17.1,5.2
7,15,57.18,1,27,53,50.7,5.75
7,16,36.84,0,23,18,56.2,4.83
7,16,49.83,0,67,57,25.8,3.97
7,17,8.56,0,37,5,51.0,2.71
7,18,2.22,1,40,53,0.1,5.87
7,18,5.61,1,16,32,25.7,3.58
7,18,33.52,0,39,12,37.1,5.24
7,18,38.19,0,36,44,33.9,5.11
7,18,40.38,0,24,33,31.3,4.88
7,18,42.49,0,24,57,15.8,4.37
7,20,7.39,1,21,58,56.4,3.5
7,21,56.9,1,20,26,37.4,5.09
7,22,2.69,1,36,45,38.3,5.12
7,22,17.19,1,59,54,7.1,6.36
7,22,50.85,1,55,17,3.8,6.86
7,22,52.06,1,55,16,53.3,5.8
7,23,28.15,1,22,56,43.6,6.17
7,23,28.55,1,25,3,2.2,5.04
7,24,5.71,0,29,18,11.2,2.45
7,24,8.47,1,40,40,20.8,5.23
7,24,33.44,1,27,38,16.1,5.77
7,24,58.19,1,11,40,10.4,5.37
7,25,38.19,0,79,5,39.1,5.54
7,25,38.9,1,9,16,34.0,4.99
7,25,43.68,1,27,47,53.8,3.78
7,26,42.86,1,49,12,41.9,4.61
7,26,56.33,1,20,15,27.3,5.94
7,27,9.07,1,8,17,21.9,2.89
7,27,44.39,1,21,26,44.0,5.2
7,28,2.08,1,6,56,31.5,5.22
7,28,9.83,1,8,55,31.8,4.33
7,29,5.71,0,38,48,43.6,5.41
7,29,6.61,1,31,47,2.7,4.16
7,29,13.88,0,43,18,6.8,3.25
7,29,20.46,1,28,7,6.3,5.07
7,29,47.78,1,12,0,23.8,4.55
7,29,48.78,1,27,54,58.3,5.01
7,29,55.86,1,49,40,21.6,5.35
7,32,5.95,1,1,54,52.1,5.24
7,33,11.68,1,3,17,25.0,5.59
7,33,36.5,1,15,49,36.1,5.27
7,33,51.05,0,36,20,18.2,5.42
7,34,15.89,1,3,22,18.3,5.83
7,34,36.0,1,31,53,19.1,1.58
7,35,55.37,1,26,53,45.6,4.06
7,37,16.73,0,4,6,39.7,5.14
7,37,22.12,0,34,58,6.9,4.53
7,38,18.05,0,25,21,53.2,4.69
7,38,32.84,1,35,2,54.5,5.58
7,39,9.96,1,34,35,4.7,4.89
7,39,18.54,1,5,13,39.0,0.4
7,39,27.35,0,38,18,29.0,4.84
7,39,28.59,1,17,40,28.3,5.04
7,39,43.83,0,38,8,21.6,5.73
7,39,47.88,0,38,15,38.4,5.76
7,40,49.56,1,57,4,58.4,6.09
7,41,14.88,0,9,33,3.9,3.94
7,41,49.2,0,72,36,22.1,3.93
7,43,0.46,1,58,42,37.8,4.93
7,43,18.69,1,28,53,2.7,4.23
7,43,32.4,0,28,24,39.4,4.63
7,43,48.47,0,28,57,17.4,3.94
7,44,6.92,1,25,47,3.2,5.3
7,44,26.87,1,24,23,53.3,3.57
7,45,9.34,1,20,18,57.8,6.53
7,45,15.3,0,37,58,7.0,3.62
7,45,19.36,1,28,1,34.7,1.16
7,45,28.74,0,14,41,10.0,7.03
7,45,29.14,0,14,41,25.7,6.06
7,45,56.88,0,14,33,49.8,5.03
7,46,7.49,1,18,30,36.6,4.89
7,46,16.22,1,10,46,5.9,5.25
7,46,27.46,1,62,49,50.4,6.5
7,46,40.04,1,65,27,20.3,5.93
7,47,30.34,1,33,24,56.8,5.14
7,47,56.78,0,12,11,34.4,5.48
7,48,5.17,0,25,56,13.8,4.4
7,48,20.25,0,47,4,39.1,4.69
7,48,33.65,1,23,8,27.5,6.18
7,49,14.3,0,46,22,23.6,4.1
7,49,17.66,0,24,51,35.2,3.34
7,49,41.17,0,17,13,41.2,5.17
7,51,40.88,0,12,49,9.8,6.37
7,51,42.0,1,1,46,0.8,5.12
7,51,46.34,0,13,53,49.9,5.16
7,52,13.05,0,40,34,32.9,3.71
7,52,18.88,0,14,50,46.2,5.69
7,52,38.65,0,38,51,46.2,4.49
7,53,18.16,0,48,6,10.6,4.22
7,53,29.84,1,26,45,57.1,4.97
7,54,29.28,1,47,23,9.5,6.25
7,54,42.74,1,47,33,52.5,5.47
7,55,39.9,1,19,53,2.6,5.38
7,56,46.74,0,52,58,56.6,3.46
7,56,51.56,0,22,52,48.5,4.2
7,56,59.47,1,15,47,25.4,5.8
7,57,18.43,0,44,6,35.6,5.08
7,57,51.73,0,45,34,39.9,5.14
7,58,20.75,1,2,13,28.3,5.3
7,59,5.72,0,23,18,37.4,5.09
7,59,44.18,0,3,40,46.5,4.93
8,0,47.31,1,17,18,31.4,5.6
8,0,55.86,1,25,23,34.2,5.87
8,1,13.3,0,1,23,32.7,4.69
8,1,30.29,1,16,27,19.2,5.99
8,1,42.49,1,60,19,27.9,6.02
8,1,43.77,1,25,5,22.0,6.32
8,2,35.82,1,57,16,25.6,6.48
8,3,31.1,1,27,47,39.9,4.94
8,3,35.07,0,40,0,11.5,2.21
8,4,41.42,0,19,43,41.4,6.12
8,5,4.51,1,13,7,6.1,5.14
8,6,18.4,1,22,38,7.8,5.96
8,7,9.95,1,43,15,37.6,6.35
8,7,32.7,0,24,18,16.0,2.83
8,7,45.84,1,21,34,55.1,5.3
8,7,55.84,0,68,37,1.7,4.35
8,8,27.5,1,51,30,24.0,4.78
8,8,35.66,0,2,59,1.6,4.36
8,8,42.44,1,13,38,27.4,6.25
8,9,1.64,0,19,14,42.0,4.4
8,9,31.96,0,47,20,11.8,1.75
8,10,27.23,1,25,30,29.4,5.73
8,10,39.98,0,13,47,57.7,5.53
8,11,16.32,0,12,55,37.3,4.72
8,11,21.5,0,39,37,6.8,4.44
8,12,12.71,1,17,38,53.3,4.67
8,13,8.87,1,29,39,23.7,5.62
8,13,19.98,0,15,47,17.6,4.99
8,13,29.52,0,35,53,58.4,4.78
8,14,2.89,0,40,20,51.8,4.42
8,16,30.95,1,9,11,8.4,3.53
8,17,23.14,0,16,17,6.3,6.32
8,17,50.42,1,59,34,16.1,5.63
8,18,31.27,0,76,55,11.9,4.05
8,18,33.39,0,36,39,34.3,4.44
8,19,49.0,0,71,30,54.0,5.33
8,20,0.56,0,71,30,19.7,5.63
8,20,3.87,1,27,13,7.0,5.13
8,20,26.0,1,57,44,35.7,5.89
8,20,32.15,1,24,1,20.5,5.92
8,20,38.89,0,77,29,4.5,4.34
8,21,23.03,0,33,3,15.7,4.83
8,22,4.52,0,73,24,0.2,5.28
8,22,30.86,0,59,30,34.3,1.86
8,22,31.7,0,48,29,25.4,4.79
8,22,46.87,0,13,3,16.8,6.13
8,22,50.13,1,43,11,18.1,4.25
8,23,21.87,1,18,19,56.2,5.94
8,23,55.21,1,10,37,55.6,6.11
8,24,35.14,0,3,45,4.2,5.61
8,25,39.67,0,3,54,22.9,3.91
8,25,44.25,0,66,8,11.5,3.77
8,25,49.99,1,17,2,47.9,6.11
8,26,27.23,0,3,59,14.3,5.6
8,26,27.73,1,27,53,37.9,5.58
8,26,39.82,1,24,32,3.7,6.51
8,26,43.95,1,12,39,17.5,5.56
8,26,47.08,1,26,56,7.7,6.3
8,27,36.65,0,53,5,18.7,5.08
8,28,36.8,1,24,8,42.2,6.05
8,28,37.35,1,14,12,39.1,5.94
8,30,16.03,1,60,43,6.4,3.35
8,31,30.57,1,24,4,52.4,5.71
8,31,35.77,1,18,5,40.4,5.33
8,32,39.87,1,10,3,57.7,6.48
8,32,42.52,1,20,26,28.6,5.33
8,33,0.14,1,24,5,5.7,6.35
8,33,21.84,1,36,26,11.1,6.2
8,34,43.61,0,49,56,39.3,5.01
8,34,43.9,1,36,25,11.0,5.76
8,35,15.58,0,58,13,29.1,5.27
8,35,19.47,1,19,35,24.3,6.55
8,35,19.65,0,58,0,33.5,4.84
8,35,28.21,0,7,58,56.4,5.72
8,37,5.79,1,9,39,20.1,5.92
8,37,38.64,0,42,59,20.8,4.11
8,37,39.41,1,5,42,13.7,4.14
8,37,52.17,0,26,15,17.9,5.24
8,38,5.19,1,9,34,28.7,6.54
8,38,45.45,1,3,20,29.3,4.45
8,39,5.13,0,70,23,11.9,5.19
8,39,11.74,1,65,1,14.5,5.63
8,39,42.49,0,29,33,39.1,4.86
8,39,42.68,1,19,46,42.5,6.65
8,40,1.52,0,12,28,31.3,4.98
8,40,6.14,0,35,18,29.9,3.97
8,40,6.44,1,20,0,28.1,6.39
8,40,11.47,1,19,58,16.2,6.61
8,40,12.9,1,64,19,40.3,4.59
8,40,17.61,0,52,55,19.1,3.6
8,40,27.03,1,19,32,41.4,6.29
8,40,37.04,0,59,45,39.7,4.31
8,40,37.58,0,46,38,55.5,3.77
8,41,1.05,1,45,50,1.6,5.35
8,41,13.14,0,47,19,1.7,4.74
8,41,19.6,0,78,57,48.3,5.46
8,41,43.33,0,15,56,35.3,4.87
8,43,12.34,1,12,40,51.1,5.62
8,43,13.49,1,3,23,55.2,4.3
8,43,17.21,1,21,28,6.9,4.66
8,43,35.55,0,33,11,11.1,3.68
8,43,40.28,0,49,49,22.1,5.15
8,43,40.38,0,7,14,1.4,4.63
8,44,23.97,0,42,38,57.6,4.05
8,44,41.11,1,18,9,17.5,3.94
8,44,42.2,0,54,42,30.8,1.93
8,44,45.04,1,10,4,54.2,5.63
8,45,1.28,1,5,40,50.1,6.13
8,45,21.42,1,30,41,51.9,6.12
8,46,1.65,0,46,2,29.5,3.87
8,46,22.53,0,13,32,51.7,4.32
8,46,40.0,1,28,45,54.6,6.58
8,46,41.83,1,28,45,36.0,4.03
8,46,42.56,0,56,46,11.3,4.5
8,46,46.65,1,6,25,8.1,3.38
8,46,56.06,1,12,6,36.3,5.89
8,48,25.98,1,5,50,16.4,4.35
8,49,21.74,0,3,26,34.7,5.3
8,49,47.65,0,45,18,28.5,4.94
8,50,32.01,0,27,42,36.2,4.02
8,50,33.46,0,46,31,45.1,5.09
8,51,1.53,1,15,21,1.7,6.36
8,51,34.44,0,7,10,38.0,5.55
8,51,56.84,1,43,43,35.4,5.15
8,52,28.6,1,28,15,33.0,6.25
8,52,34.62,1,32,28,26.8,5.67
8,52,36.13,1,28,19,53.0,5.96
8,53,22.57,1,61,57,44.0,5.72
8,54,14.7,1,30,34,45.0,5.4
8,55,2.86,0,60,38,41.0,3.84
8,55,23.68,1,5,56,43.9,3.11
8,55,29.6,0,7,58,15.9,6.07
8,55,31.52,0,27,40,53.9,4.87
8,55,39.69,1,27,55,39.2,5.23
8,55,55.56,1,11,37,33.8,5.44
8,56,19.28,0,52,43,24.6,4.68
8,56,41.88,0,85,39,47.6,5.43
8,56,56.63,1,32,54,38.1,5.44
8,56,58.43,0,59,13,45.7,4.93
8,57,14.91,1,15,19,21.8,5.22
8,57,35.16,1,15,34,52.4,5.68
8,57,58.63,1,30,14,1.5,6.25
8,58,29.2,1,11,51,28.0,4.26
8,59,12.84,1,48,2,32.5,3.12
8,59,24.38,0,59,5,3.8,5.17
8,59,32.68,1,32,25,7.1,5.23
9,0,5.44,0,41,15,13.5,4.45
9,1,24.13,1,32,15,8.3,5.89
9,1,48.88,1,27,54,10.0,6.07
9,2,26.8,0,66,23,45.0,4.0
9,2,32.73,1,67,37,46.5,4.74
9,2,44.27,1,24,27,10.6,5.45
9,3,37.56,1,47,9,24.0,3.57
9,4,9.32,0,47,5,51.8,3.75
9,4,9.87,1,27,53,53.9,6.67
9,5,58.38,1,5,5,32.4,4.99
9,7,44.82,1,10,40,5.6,5.23
9,7,59.78,0,43,25,57.4,2.23
9,8,0.07,1,29,39,15.2,5.42
9,8,2.86,0,25,51,30.7,4.62
9,8,23.53,1,66,52,24.0,5.15
9,8,42.19,0,8,35,22.2,5.6
9,8,47.42,1,26,37,48.0,5.95
9,8,52.39,1,51,36,17.0,4.46
9,9,21.53,1,22,2,43.6,5.16
9,9,35.58,0,8,47,15.5,5.47
9,9,56.41,0,30,21,55.0,5.59
9,10,20.86,1,21,59,47.1,6.04
9,10,23.53,1,67,8,3.3,4.8
9,10,54.93,1,63,30,49.6,4.67
9,10,58.11,0,58,58,0.9,3.43
9,11,16.77,0,62,19,1.3,3.96
9,12,17.87,1,14,59,43.6,6.49
9,12,26.05,0,7,6,35.6,6.1
9,13,12.24,0,69,43,2.9,1.67
9,13,48.23,1,43,13,4.5,5.3
9,14,20.55,1,61,25,24.2,5.18
9,14,21.79,1,2,18,54.1,3.89
9,14,24.5,0,43,13,39.1,5.24
9,15,13.88,1,14,56,29.5,5.36
9,15,36.76,0,38,34,11.7,4.92
9,15,45.07,0,37,24,47.3,4.63
9,16,11.28,1,54,1,18.2,4.8
9,16,12.1,0,57,32,29.2,4.34
9,16,41.38,0,8,44,41.1,5.49
9,16,41.72,0,6,21,11.4,5.24
9,17,5.43,0,59,16,30.9,2.21
9,18,5.89,0,51,3,3.2,5.26
9,18,50.67,1,36,48,10.4,3.82
9,19,46.4,0,11,58,29.6,4.77
9,20,29.03,0,9,33,20.3,4.8
9,20,56.83,0,62,24,16.7,4.79
9,21,3.46,1,34,23,33.1,3.14
9,21,29.6,0,25,57,55.5,4.71
9,22,6.83,0,55,0,38.5,2.47
9,23,12.34,0,28,50,2.1,4.71
9,24,9.73,0,80,47,13.9,5.34
9,24,39.28,1,26,10,56.8,4.47
9,25,24.04,0,5,7,2.6,5.6
9,26,17.98,0,53,22,44.2,5.09
9,27,14.65,0,9,13,25.3,6.53
9,27,18.3,0,22,20,36.3,4.72
9,27,35.25,0,8,39,31.3,1.99
9,28,27.38,1,9,3,24.4,5.4
9,28,29.19,1,8,11,18.1,5.72
9,29,8.84,0,2,46,8.2,4.59
9,29,14.74,0,35,57,4.9,4.51
9,30,42.11,0,40,28,0.8,3.6
9,30,43.23,1,33,39,21.0,5.87
9,30,46.08,0,31,53,21.0,5.75
9,31,13.35,0,57,2,3.8,3.16
9,31,31.57,1,63,3,42.5,3.65
9,31,32.19,0,31,52,18.6,5.91
9,31,32.45,1,35,6,12.6,5.39
9,31,43.24,1,22,58,5.0,4.32
9,31,56.79,1,11,18,0.1,4.99
9,31,57.58,1,9,42,56.9,5.07
9,31,58.93,0,1,11,4.8,4.54
9,32,52.33,1,51,40,43.0,3.17
9,33,30.33,1,36,29,13.3,6.19
9,33,53.51,0,80,56,28.7,5.07
9,34,8.8,0,51,15,19.0,5.01
9,34,13.38,1,36,23,51.4,4.54
9,34,26.66,0,59,13,47.2,4.08
9,34,28.97,1,69,49,48.6,4.54
9,34,32.64,0,5,54,53.3,5.56
9,35,40.03,1,35,48,38.8,5.4
9,35,52.91,1,14,22,46.5,6.32
9,36,49.66,0,49,21,18.5,4.34
9,37,2.59,1,16,26,16.7,5.73
9,37,12.71,1,6,50,8.8,5.0
9,37,51.54,0,9,25,28.1,6.4
9,38,1.43,0,43,11,27.1,5.51
9,38,21.79,1,40,14,23.2,5.28
9,38,27.39,1,4,38,57.9,4.68
9,39,21.04,0,61,19,41.2,4.51
9,39,47.42,0,10,34,13.0,6.31
9,39,51.33,0,1,8,33.6,3.9
9,40,18.38,0,14,19,56.1,5.07
9,41,9.12,1,9,53,32.6,3.52
9,41,17.03,0,23,35,29.5,4.76
9,41,38.5,1,25,54,46.6,6.26
9,42,0.38,1,39,45,28.7,5.61
9,42,42.75,1,35,5,36.6,6.12
9,43,33.27,1,29,58,29.0,5.64
9,43,42.3,0,53,53,28.9,5.56
9,43,43.9,1,14,1,18.1,5.36
9,44,12.13,0,27,46,10.4,4.78
9,45,14.83,0,62,30,28.5,3.69
9,45,51.1,1,23,46,27.4,2.97
9,46,20.42,0,76,46,33.5,5.43
9,46,23.34,1,11,48,36.0,5.67
9,47,6.14,0,65,4,19.3,2.92
9,47,25.99,1,11,34,5.4,6.44
9,49,50.12,1,21,10,46.0,6.1
9,49,57.16,0,45,43,57.9,5.09
9,50,30.17,1,4,20,37.6,6.24
9,50,59.69,1,59,2,20.8,3.78
9,51,1.97,1,13,3,58.5,6.45
9,51,14.02,0,4,14,35.8,6.01
9,51,28.68,0,14,50,47.6,4.11
9,51,40.69,0,46,32,51.5,4.58
9,51,53.02,1,24,23,44.9,5.29
9,52,6.36,1,54,3,51.4,4.55
9,52,12.27,1,2,27,14.0,6.02
9,52,30.47,0,8,6,17.7,5.07
9,52,45.96,1,26,0,25.5,3.88
9,56,51.75,0,54,34,4.1,3.52
9,57,41.14,1,41,3,20.5,5.11
9,58,13.39,1,12,26,41.4,5.26
9,58,52.34,0,35,53,27.4,5.23
9,59,43.12,1,3,23,5.1,6.69
10,0,12.82,1,8,2,39.4,4.68
10,0,43.9,0,82,12,53.1,5.53
10,1,1.02,1,31,55,29.0,5.37
10,4,8.48,1,3,12,4.6,6.43
10,5,7.49,0,13,3,52.8,4.6
10,6,47.44,1,5,36,41.5,6.2
10,7,19.95,1,16,45,45.6,3.48
10,7,25.73,1,35,14,40.9,4.49
10,7,54.32,1,9,59,51.6,4.39
10,7,56.3,0,0,22,17.9,4.48
10,8,22.46,1,11,58,1.9,1.36
10,8,56.25,0,51,48,40.5,4.85
10,10,7.56,0,8,24,29.4,5.91
10,10,35.4,0,12,21,13.8,3.61
10,10,55.86,0,8,25,6.1,5.64
10,11,38.19,1,13,21,18.7,6.43
10,12,48.39,1,4,36,52.9,5.77
10,13,44.28,0,70,2,16.5,3.29
10,14,44.27,0,42,7,19.4,3.85
10,15,6.36,1,31,28,5.1,6.47
10,16,14.48,1,29,18,38.0,5.49
10,16,28.12,1,28,40,57.7,6.46
10,16,32.42,1,23,30,10.8,5.95
10,16,40.75,1,13,43,42.1,5.42
10,16,41.4,1,23,25,2.4,3.43
10,17,5.01,0,61,19,56.4,3.39
10,17,5.93,1,42,54,52.1,3.45
10,17,14.8,1,23,6,23.2,5.81
10,17,37.9,0,8,4,8.1,5.25
10,19,44.31,1,19,28,17.2,4.78
10,19,58.16,1,19,50,30.7,2.01
10,20,54.81,0,56,2,35.6,4.5
10,21,2.01,1,2,17,23.0,6.66
10,21,50.32,1,14,58,32.9,6.16
10,22,19.61,0,41,39,0.4,4.82
10,22,19.8,1,41,29,58.0,3.06
10,23,0.46,1,6,32,34.4,6.06
10,23,6.34,1,33,54,29.4,5.89
10,23,26.51,0,4,4,26.6,5.93
10,24,8.61,1,33,43,6.7,5.52
10,25,15.19,1,8,47,5.8,5.61
10,25,54.87,1,33,47,46.5,4.72
10,26,5.51,0,16,50,9.9,3.83
10,27,9.16,0,31,4,4.1,4.28
10,27,38.99,1,9,45,44.7,6.01
10,27,52.75,0,58,44,21.9,3.81
10,27,53.09,1,36,42,26.9,4.2
10,29,28.73,0,2,44,20.6,5.19
10,29,35.4,0,30,36,25.5,5.57
10,30,6.46,1,38,55,30.5,5.79
10,30,17.5,0,0,38,13.1,5.08
10,31,51.36,1,32,22,46.3,5.9
10,32,1.48,0,61,41,7.3,3.3
10,32,11.8,1,14,8,14.0,5.43
10,32,48.68,1,9,18,23.7,3.84
10,32,56.88,0,47,0,12.1,5.02
10,33,30.93,1,34,59,19.3,5.57
10,34,0.89,0,23,44,42.8,5.08
10,34,48.07,1,6,57,13.0,5.07
10,35,2.19,1,8,39,1.6,5.67
10,35,28.22,0,78,36,28.1,4.11
10,35,35.31,0,57,33,27.5,4.45
10,36,16.68,0,16,20,39.6,6.01
10,36,20.56,0,59,33,51.5,5.08
10,36,21.39,1,36,19,37.2,6.29
10,37,18.26,0,48,13,32.2,3.84
10,37,52.28,1,34,4,43.0,6.42
10,38,35.01,0,16,52,35.9,4.91
10,38,43.21,1,31,58,34.4,4.68
10,39,7.8,1,37,54,36.4,5.84
10,39,18.41,0,55,36,11.8,4.29
10,41,24.27,0,1,44,28.3,6.25
10,42,57.43,0,64,23,40.1,2.74
10,43,1.95,1,26,19,32.5,5.51
10,43,20.91,1,4,44,51.9,5.77
10,43,25.03,1,23,11,18.2,5.08
10,43,32.31,0,60,33,59.9,4.58
10,45,9.48,1,2,29,16.9,6.27
10,45,16.38,0,80,28,10.3,5.46
10,45,47.14,0,80,32,24.7,4.45
10,45,51.91,1,30,40,56.6,5.36
10,46,24.49,1,18,53,29.8,5.5
10,46,25.35,1,14,11,41.3,5.49
10,46,46.12,0,49,25,12.5,2.69
10,46,52.06,0,17,17,48.6,5.44
10,48,57.28,1,29,24,58.1,6.15
10,49,15.43,1,10,32,42.9,5.32
10,49,17.3,0,4,1,26.1,6.61
10,49,37.43,0,16,11,38.9,3.11
10,49,53.73,1,27,58,25.9,6.05
10,50,18.06,0,8,53,51.8,5.8
10,53,18.64,1,34,12,56.0,3.79
10,53,29.48,0,20,8,17.3,5.23
10,53,29.57,0,58,51,11.8,3.78
10,53,43.76,0,2,7,45.3,5.45
10,53,58.71,1,43,11,24.1,4.66
10,54,42.2,1,25,29,26.6,6.19
10,55,36.85,1,24,44,59.1,4.3
10,55,42.34,1,0,44,13.0,5.91
10,56,1.48,1,6,11,7.4,5.91
10,56,34.44,1,25,30,0.9,6.36
10,56,43.0,0,37,8,14.9,4.6
10,59,14.16,0,84,35,37.9,6.19
10,59,46.75,0,18,17,56.8,4.08
11,0,9.25,0,42,13,33.1,4.37
11,0,33.64,1,3,37,3.1,4.84
11,0,44.83,1,6,6,5.4,4.98
11,1,49.67,0,2,29,4.2,4.73
11,1,50.39,1,56,22,56.4,2.34
11,2,19.78,1,20,10,47.1,4.42
11,3,36.63,0,0,0,3.0,5.95
11,3,43.84,1,61,45,4.0,1.81
11,5,1.23,1,7,20,10.0,4.62
11,5,20.03,0,27,17,36.9,4.92
11,5,57.55,0,27,17,16.1,5.69
11,6,32.47,0,62,25,26.9,4.62
11,6,54.43,1,1,57,20.6,5.52
11,7,39.72,1,23,19,25.5,6.48
11,8,35.4,0,58,58,30.2,3.93
11,8,49.08,1,24,39,30.4,5.7
11,9,39.86,1,44,29,54.8,3.0
11,11,39.49,0,22,49,32.2,4.46
11,13,45.58,0,0,4,10.2,5.4
11,14,6.41,1,20,31,26.5,2.56
11,14,14.44,1,15,25,47.1,3.33
11,15,12.24,1,23,5,43.9,4.56
11,15,51.9,1,13,18,27.3,5.31
11,16,39.76,0,3,39,5.5,4.45
11,17,17.37,1,2,0,39.3,5.18
11,18,11.24,1,31,31,50.8,3.79
11,18,28.76,1,33,5,39.3,3.49
11,18,54.98,1,1,39,1.9,5.9
11,19,20.52,0,14,46,44.6,3.56
11,21,0.44,0,54,29,27.7,3.9
11,21,8.25,1,6,1,45.7,4.05
11,23,22.07,0,18,46,47.6,5.08
11,23,55.37,1,10,31,46.9,4.0
11,24,2.34,1,1,24,27.9,5.39
11,24,36.61,0,10,51,33.8,4.81
11,24,52.98,0,17,41,2.5,4.06
11,25,36.46,1,16,27,23.6,5.58
11,25,50.1,1,3,51,36.7,6.35
11,26,45.75,1,3,0,45.6,6.49
11,27,9.58,0,12,21,24.5,5.93
11,27,56.23,1,2,51,22.6,4.95
11,29,41.86,1,15,24,48.2,5.74
11,30,18.88,0,3,0,12.5,4.77
11,30,29.08,1,18,24,35.1,5.54
11,31,24.29,1,69,19,52.0,3.82
11,31,45.14,1,14,21,53.9,6.27
11,31,46.07,0,59,26,31.4,5.07
11,31,48.81,0,59,30,56.3,5.12
11,32,16.42,0,29,15,40.9,4.93
11,33,0.26,0,31,51,27.1,3.54
11,34,22.06,1,3,3,37.5,5.76
11,34,42.5,1,16,47,48.9,5.95
11,34,45.71,0,54,15,50.9,4.62
11,35,13.36,0,47,22,21.2,5.64
11,35,46.93,0,63,1,11.4,3.11
11,35,55.56,0,47,38,29.5,5.26
11,36,2.62,1,69,19,23.7,5.19
11,36,40.95,0,9,48,8.1,4.7
11,36,56.93,0,0,49,25.9,4.3
11,37,15.94,0,75,53,47.5,5.64
11,37,34.05,0,47,44,50.6,5.46
11,38,27.61,1,8,8,3.4,5.24
11,38,39.96,0,13,12,8.1,5.48
11,40,12.82,0,34,44,40.8,4.7
11,40,47.11,1,21,21,10.2,5.26
11,42,28.43,1,66,44,41.3,5.32
11,44,45.76,0,18,21,2.2,4.71
11,45,17.0,1,8,15,29.4,4.84
11,45,36.57,0,66,43,43.8,3.63
11,45,51.57,1,6,31,47.3,4.04
11,46,3.13,1,47,46,45.6,3.69
11,47,54.93,1,8,14,45.1,5.31
11,47,59.23,1,20,13,8.2,4.5
11,48,14.49,0,66,48,53.5,4.75
11,49,3.88,1,14,34,20.4,2.14
11,49,41.09,0,63,47,18.6,4.3
11,50,41.29,1,1,45,55.4,3.59
11,51,8.75,0,45,10,24.4,4.47
11,52,54.56,0,33,54,29.3,4.29
11,53,49.74,1,53,41,41.0,2.41
11,55,3.15,1,8,26,38.1,5.58
11,55,40.53,1,15,38,48.5,5.53
11,56,0.98,0,17,9,2.9,5.17
11,59,37.69,0,78,13,18.5,4.88
11,59,56.92,1,3,39,18.8,5.36
12,0,51.17,0,19,39,32.4,5.28
12,0,52.39,1,6,36,51.8,4.65
12,3,1.7,0,63,18,46.6,4.32
12,4,16.58,1,21,27,33.0,5.89
12,4,19.24,0,63,9,56.6,4.72
12,4,46.66,0,76,31,9.0,5.04
12,5,12.67,1,8,43,58.2,4.12
12,6,52.85,0,64,36,49.1,4.14
12,8,14.73,0,48,41,32.9,5.34
12,8,21.54,0,50,43,20.7,2.58
12,8,24.75,0,24,43,43.6,4.02
12,9,41.29,1,1,53,54.0,5.95
12,10,3.51,1,5,48,25.1,5.72
12,10,7.53,0,22,37,11.3,3.02
12,10,31.64,1,16,48,33.4,6.4
12,11,3.88,0,23,36,8.5,5.45
12,11,39.15,0,52,22,6.3,3.97
12,11,51.2,1,25,52,13.3,5.66
12,12,9.3,1,20,32,31.6,5.6
12,13,25.99,1,10,15,44.5,5.85
12,14,2.73,0,45,43,26.1,5.31
12,15,8.76,0,58,44,56.0,2.79
12,15,25.45,1,57,1,57.4,3.32
12,15,48.47,0,17,32,31.1,2.58
12,16,0.23,1,14,53,56.9,5.09
12,16,7.54,1,40,39,36.9,5.69
12,16,20.56,1,23,56,43.5,4.93
12,17,34.64,0,67,57,38.4,4.06
12,18,20.94,0,79,18,44.2,4.24
12,18,26.29,0,64,0,11.0,4.06
12,18,40.3,0,0,47,13.7,5.9
12,18,59.83,0,55,8,34.7,5.01
12,19,19.2,1,23,2,4.9,6.26
12,19,29.66,1,28,9,26.0,6.38
12,19,48.72,1,48,59,2.9,5.28
12,19,54.39,0,0,40,0.3,3.89
12,20,21.15,1,3,18,45.8,4.97
12,20,33.71,0,22,12,57.0,5.2
12,20,43.09,1,17,47,33.6,4.72
12,21,21.81,0,60,24,4.9,3.59
12,22,7.39,0,67,31,19.5,5.15
12,22,12.03,0,68,18,25.9,5.73
12,22,30.32,1,25,50,46.3,4.78
12,22,32.14,1,5,18,20.1,6.46
12,23,21.6,0,24,50,26.2,5.66
12,23,35.45,0,35,24,45.6,5.32
12,23,47.08,1,42,32,33.8,6.03
12,24,1.48,1,51,33,44.0,4.76
12,24,18.54,1,26,5,55.0,5.17
12,25,21.76,0,35,11,11.0,5.71
12,25,51.0,1,39,1,7.3,5.01
12,26,24.07,1,27,16,5.7,4.92
12,26,31.79,0,51,27,2.2,4.82
12,26,35.94,0,63,5,56.6,0.77
12,26,56.33,1,28,16,7.0,4.35
12,26,59.3,1,26,49,32.6,4.98
12,28,2.41,0,50,13,50.2,3.91
12,28,22.49,0,39,2,28.1,5.45
12,28,54.72,1,25,54,46.4,5.29
12,29,27.05,1,24,6,32.1,5.47
12,29,43.22,1,20,53,46.3,5.68
12,29,51.98,0,16,30,54.3,2.94
12,30,3.1,1,51,32,8.1,6.21
12,30,6.76,1,69,12,4.5,5.01
12,31,0.57,1,24,34,1.9,5.47
12,31,9.93,0,57,6,45.2,1.59
12,31,40.34,0,59,25,26.1,5.49
12,32,4.48,0,16,11,45.1,4.3
12,32,28.11,0,72,7,58.7,3.84
12,33,2.91,1,10,17,44.4,6.29
12,33,29.04,1,69,47,17.6,3.85
12,33,34.23,1,24,16,58.8,6.28
12,33,45.09,1,41,21,24.4,4.24
12,33,46.8,0,9,27,7.5,5.48
12,34,23.23,0,23,23,47.8,2.65
12,34,44.07,1,70,1,18.4,4.95
12,34,51.12,1,22,37,45.1,4.8
12,35,6.35,1,18,22,37.3,6.57
12,35,7.76,1,18,22,37.2,5.03
12,36,47.37,0,5,49,54.7,5.88
12,36,58.35,1,17,5,22.5,5.7
12,37,11.08,0,69,8,7.9,2.69
12,37,42.33,0,48,32,28.6,3.85
12,38,46.3,1,40,52,28.9,6.35
12,39,7.36,1,21,3,45.3,5.49
12,39,14.81,0,7,59,43.8,4.66
12,39,52.56,0,39,59,14.1,4.63
12,41,31.2,0,48,57,35.6,2.2
12,41,34.46,1,10,25,34.6,6.22
12,41,40.0,0,1,26,58.3,2.74
12,41,53.01,1,10,14,9.0,4.88
12,41,56.6,0,59,41,8.9,4.91
12,41,57.16,1,6,48,23.9,5.57
12,42,35.56,0,48,48,46.9,4.66
12,44,59.68,1,39,16,42.9,5.95
12,45,37.12,1,7,40,23.9,5.22
12,45,37.92,0,60,58,52.2,4.69
12,46,16.87,0,68,6,29.1,3.04
12,46,22.38,1,9,32,26.8,5.65
12,46,38.75,1,16,34,39.5,5.12
12,47,13.62,1,11,57,29.3,6.11
12,47,34.34,1,66,47,25.1,5.43
12,47,43.32,0,59,41,19.4,1.25
12,47,51.42,1,3,34,21.8,6.42
12,48,14.36,1,13,33,11.2,6.47
12,48,41.86,1,48,28,0.5,6.25
12,48,54.2,1,14,7,21.5,5.71
12,49,17.51,1,27,33,8.4,5.76
12,50,41.19,0,33,59,57.4,4.9
12,51,36.91,1,3,3,24.3,6.02
12,51,41.93,1,27,32,26.6,4.93
12,52,12.26,1,17,4,26.2,6.32
12,53,6.98,0,48,56,35.7,4.33
12,53,11.31,0,3,33,11.1,6.11
12,53,17.77,1,21,14,42.1,4.89
12,53,26.15,0,40,10,43.7,4.25
12,53,48.92,0,60,22,34.5,5.89
12,53,49.67,1,12,25,6.6,6.25
12,54,1.63,1,55,57,35.4,1.76
12,54,21.17,0,9,32,20.2,4.77
12,54,35.66,0,57,10,40.4,4.03
12,54,36.92,0,57,10,7.1,5.08
12,54,39.22,0,59,8,48.0,4.62
12,54,58.35,0,85,7,24.3,5.45
12,55,28.56,1,65,26,18.8,5.23
12,55,36.48,1,3,23,51.4,3.39
12,56,0.6,1,38,18,52.9,5.61
12,56,1.84,1,38,19,5.7,2.89
12,57,4.38,0,51,11,55.4,5.17
12,58,55.47,1,17,24,33.7,4.76
12,59,39.55,0,3,48,43.0,5.79
12,59,55.28,1,66,35,50.3,5.37
13,0,16.49,1,30,47,6.1,4.88
13,0,35.96,0,3,22,7.0,5.99
13,1,9.62,1,17,7,23.5,5.97
13,2,10.76,1,10,57,32.8,2.85
13,2,15.78,0,71,32,55.7,3.61
13,3,33.35,0,49,31,38.1,4.83
13,3,54.44,0,3,39,47.0,6.62
13,5,44.46,1,35,47,55.9,5.2
13,6,16.73,0,48,27,47.7,4.71
13,6,21.28,1,21,9,12.6,6.0
13,6,22.58,1,22,36,58.6,5.53
13,6,54.66,0,49,54,22.4,4.27
13,7,10.71,1,27,37,29.7,4.8
13,7,53.8,0,10,44,25.4,5.15
13,8,7.16,0,65,18,21.7,5.44
13,8,32.49,0,8,59,3.2,5.57
13,9,3.28,0,23,7,4.7,4.94
13,9,42.04,1,38,32,1.9,6.25
13,9,45.29,0,10,19,45.5,5.95
13,9,57.01,0,5,32,20.1,4.38
13,9,59.55,1,17,31,44.8,4.32
13,10,3.27,1,38,29,55.9,5.91
13,11,52.92,1,27,52,33.7,4.23
13,12,3.48,0,16,11,52.5,5.04
13,13,26.85,0,18,49,35.0,6.26
13,14,10.97,0,19,55,52.8,5.31
13,15,15.0,0,67,53,40.4,4.79
13,15,32.05,1,40,51,18.6,5.77
13,15,58.58,0,19,56,34.2,5.21
13,16,46.71,1,9,25,25.3,5.19
13,16,53.11,0,31,30,21.9,5.1
13,17,32.64,1,40,34,21.2,4.72
13,17,36.29,1,5,28,11.4,4.78
13,18,14.54,1,49,40,55.3,5.14
13,18,24.97,0,18,18,31.0,4.74
13,18,55.25,0,23,10,17.1,2.99
13,20,19.0,1,40,9,2.0,5.6
13,20,36.07,0,36,42,43.5,2.75
13,22,9.73,1,5,9,17.5,5.89
13,22,37.98,0,60,59,18.1,4.52
13,23,1.15,0,17,44,6.7,5.36
13,23,18.91,0,4,55,27.8,5.88
13,23,55.42,1,54,55,31.5,2.23
13,24,0.44,0,64,32,8.2,4.52
13,24,33.14,0,5,9,50.1,5.76
13,25,7.36,0,74,53,15.0,5.04
13,25,11.6,0,11,9,40.5,0.98
13,26,43.24,0,12,42,27.4,5.27
13,27,18.58,0,74,41,30.2,6.62
13,27,27.24,0,15,58,25.1,4.76
13,28,25.95,1,13,46,48.7,4.97
13,29,13.04,1,10,49,6.2,5.65
13,29,25.26,0,51,9,54.4,5.04
13,30,25.7,0,6,28,13.1,6.1
13,31,2.67,0,39,24,26.2,3.9
13,31,57.95,0,6,15,20.6,4.68
13,32,2.87,0,18,43,43.8,6.01
13,32,51.69,0,15,21,46.8,5.52
13,32,58.09,0,10,9,53.7,5.21
13,34,7.91,1,3,39,32.5,4.92
13,34,27.37,1,49,0,57.3,4.68
13,34,41.75,0,0,35,45.4,3.38
13,35,31.29,0,5,23,47.0,5.7
13,37,27.7,1,36,17,41.4,4.82
13,39,53.27,0,53,27,58.9,2.29
13,40,40.5,1,19,57,20.4,5.73
13,40,56.18,0,85,47,9.6,5.56
13,41,2.36,1,22,29,45.0,5.63
13,41,36.83,0,8,42,11.1,5.03
13,41,44.81,0,54,33,33.7,4.99
13,43,3.88,1,3,32,17.1,5.35
13,44,29.82,0,16,10,44.6,5.55
13,45,35.09,0,15,46,2.7,6.18
13,45,41.57,0,33,2,36.1,4.23
13,45,56.33,0,12,25,35.6,5.5
13,46,39.37,0,51,25,57.7,4.64
13,46,43.33,1,25,42,8.6,5.97
13,46,56.36,0,36,15,6.9,5.15
13,47,16.04,1,17,27,24.4,4.5
13,47,25.35,0,17,51,35.1,5.41
13,47,32.55,1,49,18,47.9,1.85
13,49,26.75,0,34,27,2.3,4.19
13,49,28.7,1,15,47,52.1,4.05
13,49,30.3,0,41,41,15.6,3.41
13,49,37.01,0,42,28,25.3,3.47
13,49,42.82,1,21,15,50.6,4.92
13,49,52.34,0,18,8,2.7,4.96
13,51,25.94,1,64,43,23.8,4.58
13,51,49.63,0,32,59,38.5,4.32
13,53,12.55,0,31,55,39.3,4.75
13,53,12.95,1,17,55,58.3,5.71
13,53,32.82,0,35,39,51.1,5.53
13,54,41.12,1,18,23,54.9,2.68
13,54,42.2,0,1,30,11.1,5.16
13,55,32.43,0,47,17,17.8,2.55
13,56,27.89,1,1,3,2.0,5.9
13,56,34.16,1,27,29,31.9,5.02
13,58,16.28,0,42,6,2.5,3.83
13,58,31.18,0,24,58,19.8,5.2
13,58,38.93,1,21,41,46.8,5.76
13,58,40.77,0,44,48,12.7,3.87
14,0,0.25,0,25,0,36.6,5.77
14,1,10.53,1,27,23,11.6,6.23
14,1,38.78,1,1,32,40.5,4.23
14,1,43.49,0,45,36,12.1,4.34
14,3,49.44,0,60,22,22.7,0.61
14,4,23.43,1,64,22,32.9,3.67
14,5,20.1,0,76,47,48.0,5.69
14,6,2.79,0,41,10,46.5,4.36
14,6,22.27,0,26,40,55.3,3.25
14,6,41.32,0,36,22,7.3,2.06
14,6,42.91,0,9,18,48.7,5.46
14,6,56.48,1,74,35,37.5,6.43
14,8,17.36,1,49,27,28.9,5.26
14,8,51.01,1,77,32,50.8,4.8
14,9,0.6,0,10,20,4.6,6.45
14,10,23.95,1,25,5,30.6,4.82
14,12,46.03,0,27,15,40.0,5.07
14,12,53.74,0,10,16,26.6,4.18
14,13,27.75,1,51,47,16.4,6.62
14,13,28.95,1,51,47,24.0,4.53
14,14,5.33,1,12,57,34.5,5.53
14,14,50.86,1,10,6,3.6,5.29
14,15,40.35,1,19,11,14.2,-0.05
14,16,0.88,0,5,59,58.3,4.07
14,16,10.07,1,51,22,1.3,4.75
14,16,23.18,1,46,5,16.5,4.18
14,17,59.82,1,35,30,34.1,4.8
14,18,13.97,0,81,0,27.4,4.89
14,19,6.6,0,13,22,16.2,4.52
14,19,16.22,1,13,0,15.8,5.41
14,19,24.23,0,46,3,29.1,3.55
14,19,32.55,0,2,15,55.2,5.14
14,19,45.32,1,16,18,24.5,4.84
14,20,19.55,0,56,23,11.3,4.3
14,20,33.48,0,37,53,7.0,4.05
14,22,23.2,0,80,6,32.1,5.06
14,23,2.26,0,39,30,42.4,4.41
14,23,5.91,0,27,45,13.4,4.78
14,23,25.63,0,11,42,50.0,6.22
14,25,12.02,1,51,51,6.2,4.04
14,26,8.24,0,45,13,17.0,4.56
14,26,10.8,0,45,22,45.3,4.33
14,26,27.41,1,19,13,36.6,5.4
14,26,55.74,0,83,40,4.3,4.31
14,27,24.42,0,6,7,12.7,6.18
14,27,31.52,1,75,41,45.4,4.25
14,28,10.44,0,29,29,29.7,4.97
14,28,12.22,0,2,13,40.6,4.81
14,28,38.09,1,49,50,41.9,5.58
14,28,41.73,0,6,54,1.5,5.42
14,29,47.75,0,62,40,52.9,11.01
14,31,49.86,1,30,22,16.1,3.57
14,32,4.76,1,38,18,28.4,3.04
14,32,32.62,1,22,15,35.9,5.91
14,32,37.08,0,50,27,25.6,4.44
14,34,40.69,1,29,44,41.3,4.47
14,35,30.45,0,42,9,27.9,2.33
14,37,53.25,0,49,25,32.7,4.05
14,38,50.28,1,44,24,16.4,5.39
14,39,39.39,0,60,50,22.1,1.35
14,39,40.9,0,60,50,6.5,-0.01
14,40,43.56,1,16,25,5.9,4.49
14,41,8.92,1,13,43,42.0,3.78
14,41,38.76,1,8,9,42.3,4.86
14,41,43.62,1,11,39,39.4,5.55
14,41,55.77,0,47,23,17.3,2.3
14,42,30.69,0,64,58,28.5,3.18
14,43,3.56,0,5,39,26.7,3.87
14,43,13.57,0,24,59,51.8,5.7
14,43,25.37,1,26,31,40.4,4.8
14,43,39.48,0,35,10,23.6,4.06
14,44,59.2,0,35,11,30.6,4.92
14,44,59.25,1,27,4,27.0,2.35
14,45,14.5,1,16,57,51.9,4.6
14,45,30.23,1,0,43,2.2,5.68
14,45,57.78,0,15,27,34.4,6.33
14,46,0.18,0,25,26,34.5,5.15
14,46,14.99,1,1,53,34.6,3.73
14,47,1.31,0,52,22,59.9,5.22
14,47,22.56,0,25,37,27.2,5.61
14,47,44.78,0,26,5,14.9,5.23
14,47,51.73,0,79,2,41.0,3.83
14,47,57.56,0,26,38,46.1,5.76
14,49,18.68,1,46,6,59.0,5.76
14,49,19.09,0,14,8,56.3,5.32
14,49,41.36,1,48,43,14.0,5.68
14,50,17.47,0,27,57,36.8,4.42
14,50,41.26,0,15,59,49.5,5.15
14,50,42.4,1,74,9,19.7,2.07
14,50,52.78,0,16,2,29.8,2.75
14,51,1.02,0,2,17,55.9,4.93
14,51,23.28,1,19,6,2.3,4.54
14,51,38.32,0,43,34,31.1,4.32
14,54,20.14,0,24,38,31.7,5.27
14,54,22.91,0,11,53,54.0,5.78
14,54,42.59,0,65,59,27.8,6.09
14,56,17.23,0,52,48,34.4,5.38
14,56,44.0,0,62,46,51.6,5.08
14,56,46.11,0,11,24,35.0,5.48
14,57,11.06,0,4,20,45.9,4.47
14,58,13.42,0,11,9,17.1,6.61
14,58,31.95,0,43,8,1.9,2.68
14,58,39.29,0,27,39,26.3,5.65
14,58,53.64,0,11,8,37.9,5.88
14,59,9.7,0,42,6,14.9,3.13
14,59,36.97,1,39,15,54.8,5.64
15,0,58.39,0,8,31,8.2,4.91
15,1,50.7,0,83,13,40.0,5.65
15,1,56.79,1,40,23,26.3,3.49
15,2,6.38,0,28,3,37.9,5.83
15,2,6.51,1,25,0,29.7,4.8
15,2,54.07,1,2,5,28.6,4.39
15,3,47.68,1,47,39,14.5,4.83
15,4,4.26,0,25,16,54.7,3.25
15,4,26.86,1,26,56,51.6,4.52
15,4,46.96,0,83,2,17.8,5.65
15,4,48.05,0,64,1,52.9,5.16
15,5,7.11,0,47,3,4.3,3.91
15,5,25.89,1,48,9,3.2,5.59
15,6,37.62,0,16,15,24.3,5.19
15,7,17.95,1,24,52,10.5,4.93
15,8,23.78,1,26,18,4.3,5.67
15,8,50.63,0,45,16,47.3,4.07
15,11,8.79,0,84,47,16.2,5.88
15,11,56.16,0,48,44,15.7,3.88
15,11,57.77,0,48,44,36.9,5.7
15,12,13.31,0,19,47,29.9,4.54
15,12,17.2,0,52,5,56.7,3.41
15,12,49.6,0,44,30,1.3,4.83
15,13,19.22,0,19,38,50.8,6.07
15,13,28.93,0,25,18,33.0,6.47
15,14,29.21,1,29,9,51.2,5.28
15,14,33.77,0,17,46,6.7,6.18
15,14,37.33,0,31,31,8.9,4.91
15,15,11.37,1,4,56,21.7,5.32
15,15,30.1,1,33,18,54.4,3.46
15,15,49.14,1,0,22,19.6,5.62
15,16,56.9,0,60,57,26.1,5.04
15,17,0.47,0,9,22,58.3,2.61
15,17,5.88,1,71,49,26.0,5.02
15,17,30.96,0,58,48,3.2,4.07
15,17,38.89,0,63,36,37.8,4.85
15,17,49.84,0,30,8,55.2,4.35
15,18,32.05,0,47,52,30.7,4.27
15,18,54.69,0,68,40,46.1,2.87
15,19,18.58,1,1,46,0.0,5.04
15,20,8.64,1,29,36,58.7,5.51
15,20,43.75,1,71,50,2.3,3.0
15,20,53.68,0,18,9,30.6,6.16
15,21,1.36,0,15,32,54.2,6.14
15,21,2.02,1,0,42,56.1,5.35
15,21,22.34,0,40,38,50.9,3.22
15,21,48.44,0,36,15,40.2,3.57
15,21,48.61,1,32,56,1.2,5.38
15,21,49.57,0,48,19,1.1,5.65
15,22,8.39,0,47,55,38.9,4.99
15,22,23.24,1,12,34,3.1,6.29
15,22,40.89,0,44,41,22.5,3.37
15,23,9.36,0,36,51,30.4,4.54
15,23,12.23,1,30,17,17.7,4.99
15,23,22.66,0,59,19,14.5,4.48
15,23,43.67,0,1,1,20.3,6.11
15,24,11.93,0,10,19,18.8,4.92
15,24,29.54,1,37,22,37.1,4.31
15,24,30.97,1,37,20,49.5,6.51
15,24,45.03,0,39,42,36.5,5.36
15,24,55.78,1,58,57,57.7,3.29
15,25,20.25,0,38,44,0.9,4.6
15,25,47.41,1,15,25,41.0,5.16
15,27,49.85,1,29,6,19.8,3.66
15,28,15.4,0,16,42,59.1,5.64
15,28,38.29,1,1,50,31.8,5.15
15,29,34.78,0,17,26,27.4,6.69
15,30,40.39,0,16,36,34.0,5.82
15,30,55.75,1,40,49,59.0,5.04
15,31,25.05,1,77,20,57.6,5.0
15,31,30.82,0,73,23,22.4,5.4
15,31,46.99,1,40,53,57.7,4.98
15,32,9.68,1,16,3,22.1,6.22
15,32,55.23,0,16,51,10.1,5.53
15,32,55.8,1,31,21,33.0,4.14
15,32,57.95,0,1,11,10.7,5.5
15,34,10.52,0,10,3,50.3,4.61
15,34,37.31,0,28,2,48.9,5.13
15,34,41.19,1,26,42,53.7,2.22
15,34,48.19,1,10,32,19.9,3.8
15,35,8.46,0,41,10,0.1,2.8
15,35,14.9,1,39,0,36.2,5.14
15,35,31.54,0,14,47,22.4,3.91
15,35,33.28,1,17,39,20.1,6.1
15,35,53.27,0,44,57,30.0,4.55
15,36,28.19,1,15,6,5.0,6.51
15,36,29.2,1,16,7,8.8,5.93
15,36,29.55,1,10,0,37.6,5.26
15,36,33.72,0,0,33,41.3,6.51
15,36,43.19,0,66,19,0.9,4.11
15,37,1.46,0,28,8,6.3,3.6
15,37,49.55,1,40,21,11.8,5.25
15,38,3.32,0,42,34,2.9,4.34
15,38,39.38,0,29,46,39.7,3.66
15,38,54.51,0,19,18,6.2,5.36
15,39,22.68,1,36,38,9.0,4.64
15,39,45.97,0,34,24,42.8,4.66
15,40,16.91,0,23,49,5.0,4.97
15,40,21.36,0,73,26,47.9,5.64
15,40,59.09,1,16,1,28.7,6.0
15,41,11.52,0,44,39,38.0,4.64
15,41,33.09,1,19,40,13.8,4.51
15,41,47.39,1,12,50,51.1,5.34
15,41,54.76,1,18,27,50.0,5.8
15,41,56.82,0,19,40,42.9,4.75
15,42,38.35,0,37,25,29.6,5.23
15,42,41.04,0,34,42,37.2,4.75
15,42,44.64,1,26,17,43.9,3.81
15,43,16.1,0,84,27,55.8,5.57
15,43,59.32,1,32,30,57.0,5.57
15,44,1.85,1,2,30,55.9,5.86
15,44,3.46,1,77,47,40.2,4.29
15,44,4.42,0,15,40,21.6,5.41
15,44,16.0,1,6,25,31.9,2.63
15,44,42.15,1,17,15,51.2,6.15
15,46,5.65,0,1,48,14.8,5.39
15,46,11.21,1,15,25,18.9,3.65
15,46,26.75,1,7,21,11.7,4.42
15,47,17.35,1,14,6,55.0,5.71
15,48,44.41,1,18,8,30.4,4.09
15,49,35.7,1,26,4,6.8,4.59
15,49,37.27,0,3,25,48.5,3.54
15,50,17.53,1,2,11,47.8,5.21
15,50,48.89,1,4,28,39.3,3.71
15,50,57.54,0,33,37,37.6,3.97
15,50,58.75,0,25,45,4.4,4.63
15,51,13.94,1,35,39,29.6,4.79
15,51,15.65,0,3,5,25.5,5.09
15,51,15.94,1,20,58,40.4,4.74
15,52,40.19,1,42,27,0.0,4.6
15,53,12.19,1,13,11,52.8,6.07
15,53,20.06,0,20,10,1.2,5.04
15,53,36.73,0,25,19,37.5,4.59
15,53,49.48,0,16,43,46.6,4.13
15,54,37.88,1,43,8,18.3,5.35
15,54,39.54,0,25,14,37.2,5.87
15,54,40.27,1,8,34,49.2,6.28
15,55,0.37,0,19,22,58.4,5.95
15,55,8.81,0,63,25,47.1,2.83
15,55,29.61,0,68,36,10.8,5.11
15,55,30.1,0,26,15,57.3,5.63
15,55,30.61,1,42,33,58.1,5.73
15,55,47.57,1,37,56,48.3,5.43
15,56,26.99,1,15,39,53.0,3.85
15,56,53.09,0,29,12,50.4,3.87
15,56,53.48,0,33,57,57.7,5.14
15,56,54.11,0,33,57,51.0,5.59
15,57,14.64,1,14,24,51.4,5.54
15,57,35.3,1,26,52,40.9,4.14
15,58,11.38,0,14,16,45.5,4.95
15,58,51.12,0,26,6,50.6,2.89
16,0,7.34,0,38,23,47.9,3.42
16,0,19.98,0,16,31,56.6,5.47
16,0,20.01,0,22,37,17.8,2.29
16,0,47.64,0,8,24,40.8,5.53
16,1,2.8,1,33,18,19.4,5.39
16,1,14.35,1,17,49,4.9,5.1
16,1,26.59,1,29,51,3.9,4.98
16,1,53.7,1,58,33,52.0,4.01
16,2,17.69,1,22,48,15.8,4.82
16,2,47.85,1,46,2,12.7,4.72
16,3,12.86,0,49,13,47.0,4.65
16,3,32.22,0,57,46,29.5,4.63
16,3,45.71,1,4,59,12.5,6.07
16,4,21.63,0,11,22,24.8,4.16
16,5,26.23,0,19,48,19.4,2.56
16,5,26.58,0,19,48,6.6,4.9
16,6,29.42,0,45,10,23.8,4.73
16,6,35.56,0,36,48,8.0,4.22
16,6,48.43,0,20,40,8.9,3.93
16,7,24.3,0,20,52,7.2,4.31
16,7,36.44,0,12,44,43.2,5.75
16,7,37.55,1,9,53,30.3,5.63
16,8,4.55,1,17,2,49.2,5.0
16,8,4.97,1,17,3,16.0,6.25
16,8,28.08,1,8,32,3.6,5.69
16,8,46.2,1,44,56,5.3,4.23
16,8,46.64,1,17,12,20.6,6.13
16,8,58.33,1,36,29,24.4,4.73
16,9,18.56,0,57,56,3.0,5.57
16,10,24.21,1,43,49,6.1,6.61
16,10,49.53,1,75,52,39.1,5.48
16,11,28.74,1,16,39,56.4,6.09
16,11,38.05,1,23,29,41.4,5.74
16,11,59.74,0,19,27,38.3,4.0
16,12,0.0,0,10,3,51.1,4.93
16,12,7.29,0,8,32,51.3,5.43
16,12,16.05,0,28,25,1.9,5.67
16,12,18.21,0,27,55,34.7,4.58
16,12,32.2,1,75,12,38.1,6.36
16,13,15.41,1,5,1,16.0,5.46
16,13,22.8,0,55,32,27.0,5.78
16,13,28.73,0,54,37,49.5,4.95
16,13,50.91,0,11,50,15.8,5.24
16,14,20.77,0,3,41,38.3,2.73
16,14,41.04,1,33,51,31.8,5.23
16,15,15.35,0,47,22,18.9,5.13
16,15,26.27,0,63,41,8.3,3.86
16,15,28.68,1,18,48,29.9,5.72
16,15,37.13,0,8,22,5.7,5.49
16,16,44.77,1,29,9,1.1,5.8
16,17,0.94,0,50,4,5.2,4.97
16,17,30.5,1,75,45,16.9,4.95
16,18,17.92,0,28,36,49.6,4.8
16,18,19.24,0,4,41,33.4,3.23
16,19,17.64,0,42,40,26.2,5.44
16,19,44.45,1,46,18,47.8,3.91
16,19,50.57,0,50,9,19.4,4.01
16,20,20.84,0,78,41,44.4,4.68
16,20,26.86,0,78,40,2.7,5.27
16,20,38.18,0,24,10,9.4,4.55
16,21,11.32,0,25,35,33.9,2.9
16,21,55.24,1,19,9,10.9,3.74
16,22,4.44,1,1,1,44.1,4.82
16,22,5.89,1,30,53,30.2,4.86
16,22,21.42,1,33,47,56.9,5.2
16,22,29.22,1,33,42,12.1,5.4
16,23,59.51,1,61,30,50.7,2.73
16,24,6.2,0,20,2,14.0,4.48
16,24,10.83,1,6,56,53.4,5.83
16,25,24.17,1,37,23,38.7,5.53
16,25,24.93,1,14,2,0.3,4.57
16,25,35.12,0,23,26,49.6,4.57
16,27,1.44,0,18,27,22.3,4.22
16,27,11.05,0,47,33,17.0,4.46
16,27,48.23,0,8,22,18.1,4.62
16,27,57.27,0,64,3,28.8,5.28
16,27,59.05,1,68,46,5.0,4.94
16,28,27.8,0,70,5,4.8,4.9
16,28,38.52,1,41,52,54.1,4.83
16,29,24.47,0,26,25,55.0,1.06
16,30,6.08,1,48,57,40.4,6.44
16,30,12.48,0,25,6,54.6,4.79
16,30,13.26,1,21,29,22.7,2.78
16,30,33.6,1,20,28,45.6,5.24
16,30,54.84,1,1,59,2.8,3.82
16,31,8.39,0,16,36,45.5,4.29
16,32,8.19,0,21,27,59.3,4.45
16,32,35.68,1,5,31,16.4,5.63
16,32,36.4,1,11,29,17.6,4.84
16,33,27.46,0,78,53,49.1,3.86
16,34,5.02,0,44,2,43.1,4.86
16,34,6.19,1,42,26,12.8,4.2
16,35,44.77,0,65,29,43.2,5.5
16,35,52.96,0,28,12,57.5,2.82
16,36,11.43,1,52,53,59.9,5.53
16,36,13.73,1,52,55,27.7,5.07
16,36,21.18,0,2,19,25.8,5.77
16,37,9.53,0,10,34,1.7,2.54
16,38,44.89,1,48,55,41.8,4.86
16,40,35.15,1,4,12,26.0,6.92
16,40,38.69,1,4,13,11.3,5.77
16,40,55.12,1,64,35,20.7,4.84
16,41,17.48,1,31,36,6.8,2.81
16,41,23.13,0,68,17,45.9,5.89
16,41,36.7,1,26,55,1.2,5.92
16,41,42.54,1,1,10,52.0,5.74
16,42,53.74,1,38,55,20.9,3.48
16,43,5.42,0,77,30,59.7,4.23
16,45,29.68,1,1,1,12.5,6.02
16,45,49.89,1,8,34,57.3,5.15
16,45,58.16,1,82,2,14.1,4.21
16,46,51.35,0,25,31,42.7,6.72
16,47,9.76,1,2,3,52.4,6.07
16,47,46.43,1,5,14,48.6,5.22
16,48,39.87,0,69,1,39.5,1.91
16,49,14.2,1,45,59,0.4,4.82
16,49,47.11,0,59,2,28.7,3.77
16,49,49.97,0,10,46,58.1,4.64
16,50,10.24,0,34,17,33.4,2.29
16,50,19.35,1,7,14,51.7,5.48
16,50,38.96,1,29,48,23.6,5.73
16,51,24.94,1,1,12,57.5,5.51
16,51,45.26,1,24,39,23.1,5.03
16,51,52.24,0,38,2,50.4,3.0
16,52,4.84,1,14,58,27.1,6.51
16,52,20.15,0,38,1,2.9,3.56
16,52,58.12,1,31,42,6.2,5.34
16,53,59.73,0,42,21,43.3,4.7
16,54,0.5,1,10,9,55.6,4.39
16,54,35.11,0,42,21,38.7,3.62
16,54,35.71,0,6,9,14.1,5.23
16,55,2.15,1,25,43,50.6,6.06
16,55,22.24,1,18,25,59.5,5.35
16,56,1.36,1,65,8,4.8,4.88
16,56,25.32,1,65,2,20.6,6.4
16,56,48.04,0,23,9,1.2,5.57
16,57,11.17,0,33,15,34.1,5.48
16,57,31.04,1,25,21,10.1,6.27
16,57,40.27,1,9,22,30.2,3.19
16,58,37.23,0,55,59,24.2,3.12
16,59,35.05,0,53,9,37.8,4.06
17,0,9.48,0,24,59,20.2,5.74
17,0,17.41,1,30,55,34.8,3.92
17,1,3.63,0,4,13,20.8,4.82
17,1,36.36,1,33,34,5.8,5.27
17,1,51.27,0,18,53,7.8,6.28
17,3,8.71,0,53,14,11.9,5.27
17,3,30.19,1,35,24,51.0,6.19
17,4,49.35,0,34,7,22.5,4.83
17,5,20.18,1,54,28,11.5,4.91
17,5,22.66,1,12,44,27.1,4.89
17,8,2.08,1,35,56,6.8,5.41
17,8,47.23,1,65,42,52.7,3.17
17,10,22.66,0,15,43,30.5,2.43
17,11,3.17,1,24,14,15.4,6.2
17,12,9.18,0,43,14,18.6,3.32
17,12,27.81,1,10,35,6.8,5.32
17,14,38.86,1,14,23,24.9,2.78
17,15,1.92,1,24,50,22.5,3.12
17,15,2.85,1,36,48,33.0,3.16
17,15,21.29,0,26,36,0.2,4.33
17,16,36.71,0,0,26,42.5,4.72
17,16,57.26,1,89,2,15.8,6.31
17,17,19.57,1,33,6,0.4,4.8
17,17,39.53,0,26,37,44.3,6.81
17,17,40.29,1,37,17,28.8,4.64
17,18,0.64,0,24,17,2.7,6.59
17,18,0.72,0,24,17,12.8,5.14
17,18,36.99,1,10,51,53.0,5.03
17,20,21.15,1,46,14,26.4,5.51
17,20,39.47,1,32,28,13.0,5.38
17,20,49.64,0,12,50,48.8,4.32
17,20,54.22,1,24,29,58.0,5.13
17,21,0.21,0,21,6,44.8,4.39
17,21,59.53,0,67,46,14.3,4.76
17,22,0.58,0,24,59,58.2,3.27
17,22,5.88,0,70,7,23.4,5.39
17,23,16.08,0,47,28,5.4,5.21
17,23,21.59,0,28,8,33.9,5.3
17,23,40.97,1,37,8,45.3,4.15
17,24,6.61,1,22,57,37.3,5.7
17,25,18.0,0,55,31,47.4,2.84
17,25,23.66,0,56,22,39.7,3.31
17,26,0.03,0,50,38,0.7,5.19
17,26,22.22,0,24,10,30.1,4.16
17,26,30.88,1,4,8,25.2,4.34
17,26,44.24,1,48,15,36.3,5.83
17,27,21.26,0,29,52,0.1,4.28
17,30,25.98,1,52,18,4.9,2.79
17,30,44.3,1,26,6,38.2,4.41
17,30,45.84,0,37,17,44.7,2.7
17,30,46.97,1,86,58,4.9,5.78
17,31,5.98,0,60,41,1.0,3.6
17,31,24.95,0,23,57,45.3,4.78
17,31,49.57,1,28,24,26.8,5.66
17,31,50.52,0,49,52,33.5,2.84
17,31,57.89,1,68,8,4.9,5.07
17,32,10.42,1,55,11,2.8,4.89
17,32,12.9,1,86,35,10.8,4.35
17,32,15.88,1,55,10,22.1,4.86
17,32,41.35,1,74,13,38.2,6.61
17,33,36.53,0,37,6,13.5,1.62
17,34,36.69,1,9,35,12.2,5.8
17,34,56.0,1,12,33,38.1,2.08
17,34,59.25,1,61,52,33.0,5.23
17,35,18.5,0,22,2,37.7,6.47
17,35,39.61,0,46,30,20.1,4.56
17,36,37.63,1,48,35,7.7,5.35
17,36,57.09,1,68,45,25.9,4.77
17,37,19.13,0,42,59,52.2,1.86
17,37,31.1,1,24,18,35.9,5.76
17,37,35.23,0,15,23,54.3,3.54
17,37,50.72,0,8,7,7.4,4.58
17,38,5.57,0,54,30,0.3,5.25
17,39,27.89,1,46,0,22.8,3.82
17,40,23.73,0,49,24,54.6,4.76
17,41,24.92,0,12,52,30.6,4.24
17,41,56.31,1,72,8,58.2,4.57
17,41,58.04,1,72,9,27.3,5.81
17,42,28.4,1,24,33,51.5,5.56
17,42,29.28,0,39,1,47.7,2.39
17,43,21.64,1,24,19,39.5,5.73
17,43,25.85,0,21,40,59.1,4.86
17,43,28.38,1,4,34,0.9,2.76
17,44,8.72,0,51,50,0.9,5.12
17,44,34.09,1,2,34,45.9,6.16
17,45,44.0,0,64,43,25.4,3.61
17,46,27.72,1,27,43,21.0,3.42
17,47,33.63,0,27,49,50.7,4.53
17,47,35.08,0,40,7,37.1,2.99
17,47,53.57,1,2,42,26.9,3.75
17,48,49.15,1,25,37,22.7,5.09
17,49,4.33,1,50,46,50.0,5.02
17,49,26.94,1,76,57,44.2,5.02
17,50,3.33,1,48,23,38.8,6.78
17,50,11.11,0,40,5,25.5,4.78
17,53,18.02,1,40,0,28.2,5.17
17,53,31.63,1,56,52,20.8,3.73
17,54,54.04,0,24,53,13.5,6.18
17,55,11.14,1,72,0,18.5,5.43
17,55,25.19,1,26,2,59.9,5.47
17,56,15.18,1,37,15,1.9,3.86
17,56,36.38,1,51,29,20.2,2.24
17,57,45.83,1,29,14,52.5,3.7
17,58,30.15,1,30,11,21.4,4.41
17,59,1.6,0,9,46,24.1,3.32
17,59,47.56,0,23,48,57.6,4.74
18,0,3.37,1,80,0,1.9,6.11
18,0,3.42,1,16,45,3.4,4.67
18,0,9.07,1,80,0,13.7,5.74
18,0,15.8,1,4,22,7.1,4.79
18,0,28.92,0,3,41,24.6,4.62
18,0,38.72,1,2,55,53.7,3.93
18,1,23.12,0,17,9,24.7,6.27
18,1,30.4,1,21,35,44.5,4.26
18,1,45.19,1,1,18,18.4,4.42
18,2,23.05,1,20,50,1.1,5.25
18,2,30.16,1,22,55,23.7,6.22
18,2,51.1,0,24,16,56.7,5.37
18,3,4.91,0,8,10,48.9,4.77
18,3,52.44,0,24,21,38.6,5.89
18,5,1.22,0,29,34,48.3,4.66
18,5,27.21,1,2,30,8.8,4.03
18,5,48.52,0,30,25,25.1,2.98
18,6,1.91,1,22,13,8.0,4.96
18,6,37.88,0,50,5,29.2,3.65
18,7,1.61,1,30,33,42.7,5.05
18,7,18.35,1,8,44,1.7,4.64
18,7,21.02,1,9,33,49.2,3.71
18,7,32.55,1,28,45,44.9,3.84
18,7,49.51,1,26,5,50.2,5.79
18,7,49.56,1,26,6,4.4,5.83
18,8,34.79,0,63,40,5.0,4.33
18,8,45.49,1,20,48,52.5,4.37
18,8,52.86,1,20,2,43.0,5.1
18,9,33.86,1,3,59,35.8,5.71
18,10,26.26,0,62,0,10.0,5.47
18,11,13.78,0,45,57,15.6,4.52
18,11,54.17,1,31,24,19.0,4.96
18,13,45.81,0,21,3,31.8,3.84
18,13,53.36,1,64,23,49.9,4.99
18,14,15.91,0,21,42,47.2,5.49
18,15,12.91,0,20,43,41.8,5.29
18,15,12.97,0,20,23,16.7,5.96
18,15,17.05,1,68,45,21.5,5.96
18,16,58.77,1,68,44,30.1,6.79
18,17,37.73,0,36,45,40.6,3.1
18,19,10.67,1,24,26,45.8,5.3
18,19,51.72,1,36,3,52.0,4.33
18,20,17.9,1,21,57,41.2,4.92
18,20,45.44,1,71,20,15.8,4.22
18,20,52.06,1,3,22,37.7,4.85
18,20,56.97,1,29,51,31.7,5.61
18,20,59.62,0,29,49,40.9,2.72
18,21,1.02,1,28,52,11.4,5.12
18,21,2.34,1,72,44,1.3,3.55
18,21,18.92,0,2,53,49.6,3.23
18,23,13.62,0,61,29,38.1,4.35
18,23,36.44,0,75,2,39.6,5.47
18,23,39.55,0,8,56,4.2,4.66
18,23,41.77,1,21,46,13.2,3.85
18,23,54.65,1,58,48,2.1,4.98
18,24,10.35,0,34,23,3.5,1.79
18,24,13.8,1,39,30,26.1,5.11
18,25,1.51,0,30,45,23.0,5.58
18,25,21.04,0,20,32,29.8,4.81
18,25,58.99,1,65,33,48.8,4.82
18,26,58.43,0,45,58,6.0,3.49
18,27,12.51,1,0,11,46.1,5.2
18,27,58.27,0,25,25,16.5,2.82
18,28,49.74,0,49,4,12.1,4.1
18,29,11.85,0,14,33,56.9,4.67
18,29,40.96,0,1,59,6.8,5.38
18,31,22.43,0,62,16,41.5,4.63
18,31,45.44,0,45,54,53.1,4.92
18,31,56.99,0,1,0,10.7,5.93
18,32,1.94,0,45,45,26.5,5.07
18,32,34.52,1,57,2,44.2,4.77
18,33,23.13,0,38,43,33.4,5.67
18,33,23.08,0,38,43,12.0,6.31
18,33,30.16,0,42,18,44.9,4.62
18,33,53.49,0,24,1,56.2,5.49
18,34,32.76,0,24,13,20.6,6.53
18,35,12.44,0,8,14,35.9,3.85
18,36,56.19,1,38,46,58.8,0.03
18,37,35.95,0,0,18,33.9,5.76
18,41,51.61,0,23,50,0.1,6.22
18,42,16.42,0,9,3,9.2,4.7
18,42,37.96,1,55,32,21.8,5.03
18,43,2.13,0,71,25,39.8,4.01
18,43,31.24,0,8,16,30.9,4.88
18,43,46.94,0,38,19,23.9,5.11
18,44,20.34,1,39,40,11.9,4.67
18,44,22.78,1,39,36,45.3,4.59
18,44,46.34,1,37,36,18.2,4.34
18,44,48.19,1,37,35,40.4,5.73
18,44,49.93,1,2,3,36.3,5.02
18,45,39.35,0,26,59,26.8,3.17
18,45,39.73,1,20,32,49.6,4.19
18,46,20.59,0,22,23,31.9,5.37
18,46,22.26,1,75,26,1.7,5.37
18,46,28.58,0,0,57,41.9,5.89
18,47,1.22,1,18,10,52.4,4.34
18,47,10.48,0,4,44,52.2,4.22
18,47,44.6,0,40,24,22.0,5.2
18,48,37.96,0,65,4,39.0,5.71
18,48,50.47,0,43,40,48.0,5.46
18,49,35.0,0,43,26,2.5,5.6
18,49,40.11,0,20,19,29.1,5.22
18,49,45.91,1,32,48,46.2,5.93
18,49,52.92,1,32,33,3.9,5.22
18,50,4.79,1,33,21,45.6,3.52
18,50,50.5,0,22,9,43.6,6.29
18,51,12.01,1,59,23,17.8,4.63
18,51,22.16,0,3,19,4.1,6.08
18,52,13.04,0,62,11,15.2,4.22
18,52,16.43,1,21,25,30.6,5.43
18,52,39.61,0,52,6,25.7,5.18
18,53,43.56,1,36,58,18.2,5.58
18,54,0.09,0,21,21,35.3,5.68
18,54,10.18,0,22,44,41.4,4.86
18,54,23.77,1,71,17,49.5,4.82
18,54,30.29,1,36,53,55.0,4.22
18,54,44.88,1,22,38,42.3,4.57
18,54,47.65,0,87,36,19.9,5.29
18,55,7.07,0,22,40,16.5,5.0
18,55,15.92,0,26,17,47.7,2.05
18,55,20.09,1,43,56,45.2,4.08
18,56,13.16,1,4,12,12.7,4.62
18,56,14.61,1,4,12,7.4,4.98
18,56,45.08,1,57,48,54.0,5.67
18,56,57.04,0,67,14,0.7,4.4
18,57,3.63,0,5,50,46.4,4.83
18,57,16.59,1,2,32,7.4,5.56
18,57,20.48,0,20,39,22.8,5.02
18,57,43.78,0,21,6,23.8,3.52
18,58,27.76,0,52,56,19.0,4.85
18,58,36.59,0,60,12,2.3,5.14
18,58,43.47,0,37,6,25.5,4.83
18,58,46.92,1,13,54,24.4,5.91
18,58,56.62,1,32,41,22.4,3.25
18,59,5.73,1,13,37,21.2,5.27
18,59,37.39,1,15,4,6.5,4.02
19,0,0.82,1,32,8,43.8,4.94
19,0,43.47,1,55,39,29.9,5.51
19,1,26.36,1,46,56,6.1,5.0
19,1,40.84,0,5,44,20.5,4.02
19,2,36.72,0,29,52,48.4,2.6
19,2,54.49,0,3,41,56.4,5.4
19,3,6.83,0,42,5,42.0,4.74
19,4,40.93,0,21,44,28.9,3.76
19,4,55.17,1,53,23,47.8,5.4
19,4,57.66,0,4,1,52.9,5.4
19,5,24.61,1,13,51,49.4,2.99
19,6,14.95,0,4,52,56.4,3.43
19,6,19.92,0,52,20,26.3,5.17
19,6,25.04,0,37,3,45.9,4.23
19,6,56.44,0,27,40,11.3,3.32
19,6,58.6,1,11,4,16.7,5.07
19,7,18.13,1,36,6,0.6,5.25
19,7,25.5,1,32,30,6.0,5.2
19,8,20.93,0,40,29,47.9,4.57
19,8,59.92,1,6,4,24.2,5.23
19,9,9.75,1,76,33,38.9,5.11
19,9,28.28,0,37,54,15.3,4.11
19,9,45.8,1,65,58,42.4,6.26
19,9,45.83,0,21,1,24.7,2.88
19,10,1.75,0,39,20,26.5,4.1
19,11,40.52,1,56,51,32.7,5.13
19,11,46.01,1,31,17,0.5,5.93
19,12,33.15,1,67,39,40.7,3.07
19,12,40.7,0,7,56,22.2,5.35
19,13,42.7,1,2,17,37.4,5.14
19,13,45.49,1,39,8,45.5,4.43
19,13,55.16,1,57,42,18.9,5.0
19,15,17.34,1,21,13,55.6,5.65
19,15,32.4,0,25,15,23.8,4.86
19,15,33.29,1,73,21,18.8,4.45
19,16,13.04,1,21,23,25.6,4.76
19,16,22.1,1,38,8,1.4,4.35
19,16,28.6,0,69,11,26.7,6.25
19,16,31.02,1,4,50,5.4,5.59
19,17,6.11,1,53,22,5.4,3.8
19,17,38.09,0,18,57,10.4,4.88
19,17,43.64,1,23,1,32.0,5.46
19,17,49.0,1,11,35,43.4,5.28
19,18,32.49,1,1,5,6.3,5.1
19,18,50.93,1,0,20,20.4,6.4
19,19,39.35,1,12,22,28.7,5.53
19,19,53.04,1,11,32,5.7,6.03
19,20,32.84,0,5,24,57.1,4.98
19,20,35.68,0,0,53,31.8,5.46
19,20,40.07,1,65,42,51.9,4.6
19,21,40.38,0,17,50,50.1,3.92
19,21,43.62,0,15,57,18.0,4.52
19,21,50.83,0,18,18,29.4,5.84
19,22,38.29,0,44,27,32.1,3.96
19,22,50.88,1,26,15,44.7,5.22
19,22,51.18,0,54,25,25.4,5.03
19,23,13.06,0,44,47,58.7,4.27
19,23,53.15,0,40,36,56.3,3.96
19,24,7.57,1,29,37,16.7,4.99
19,24,22.08,1,16,56,15.9,6.27
19,24,57.77,1,11,56,34.3,5.17
19,25,16.45,0,24,30,30.4,5.02
19,25,28.54,1,19,47,54.7,5.14
19,25,29.75,1,3,6,52.5,3.36
19,25,29.67,0,23,57,44.7,5.45
19,26,9.12,1,36,19,4.3,5.17
19,26,13.24,1,20,5,52.2,5.6
19,26,19.13,0,21,46,36.1,5.57
19,26,31.09,1,0,20,18.9,4.64
19,27,25.97,1,52,19,13.8,5.73
19,28,42.41,1,24,39,54.6,4.44
19,28,57.08,1,24,46,7.3,5.82
19,29,0.99,1,1,57,1.9,5.79
19,29,20.9,1,20,16,47.2,6.34
19,29,42.34,1,51,43,46.1,3.76
19,30,34.57,0,55,6,36.1,6.29
19,30,39.82,0,2,47,19.9,5.03
19,30,43.29,1,27,57,34.9,3.05
19,30,45.4,1,27,57,55.0,5.12
19,31,46.32,1,34,27,10.7,4.74
19,32,20.59,1,69,39,55.4,4.67
19,34,5.23,1,7,22,45.5,4.45
19,34,34.89,1,19,46,24.2,5.0
19,34,50.92,1,29,27,46.5,5.39
19,35,7.25,0,10,33,37.6,5.12
19,35,12.99,0,48,5,56.8,4.88
19,35,48.3,1,36,56,40.4,6.03
19,36,1.65,0,24,43,8.5,5.64
19,36,26.54,1,50,13,13.7,4.49
19,36,42.39,0,24,53,0.8,4.59
19,36,43.28,0,1,17,11.6,4.36
19,36,53.45,0,7,1,38.9,4.93
19,37,17.38,1,16,27,46.0,5.67
19,37,47.26,0,4,38,51.0,5.45
19,39,11.64,1,5,23,52.0,5.18
19,39,22.6,1,30,9,11.6,4.68
19,39,26.47,1,42,49,5.6,5.41
19,39,49.46,0,23,25,39.4,6.33
19,40,5.78,1,18,0,50.2,4.39
19,40,43.31,0,0,37,16.7,5.64
19,40,43.34,0,16,17,35.3,5.3
19,41,2.93,1,17,28,34.0,4.39
19,41,49.09,1,50,31,31.6,5.99
19,42,12.81,1,12,11,35.8,6.33
19,42,31.09,0,16,7,26.3,5.06
19,42,34.01,1,11,49,35.8,5.28
19,43,42.92,1,25,46,18.7,5.5
19,44,16.55,1,37,21,15.4,4.89
19,44,34.19,1,13,18,10.1,6.25
19,44,58.44,1,45,7,50.5,2.86
19,45,39.92,1,7,36,47.4,5.89
19,46,15.57,1,10,36,47.8,2.72
19,46,21.82,0,19,45,39.2,4.87
19,46,25.58,1,33,43,43.3,5.0
19,47,23.27,1,18,32,3.3,3.68
19,48,1.1,0,56,21,44.2,5.33
19,48,10.21,1,70,16,4.2,3.84
19,48,42.05,1,11,48,57.3,5.75
19,48,58.65,1,19,8,31.1,5.01
19,50,33.94,1,32,54,50.9,7.91
19,50,33.99,1,38,43,19.8,5.18
19,50,37.73,1,52,59,17.4,5.03
19,50,46.68,1,8,52,2.6,0.76
19,50,46.8,0,10,45,48.9,5.38
19,51,1.5,1,10,24,57.8,5.12
19,51,4.09,1,22,36,36.3,4.9
19,52,12.01,0,19,2,41.5,5.88
19,52,21.77,1,18,40,18.8,6.24
19,52,28.36,1,1,0,20.4,3.87
19,53,17.37,1,57,31,24.5,5.14
19,53,27.68,1,24,4,46.3,4.57
19,54,8.27,0,8,34,27.0,5.76
19,54,14.82,1,8,27,41.9,4.71
19,54,37.65,0,8,13,38.0,5.7
19,54,38.06,0,8,14,13.1,6.49
19,54,44.77,1,0,16,25.2,5.6
19,55,15.68,0,41,52,6.3,4.12
19,55,18.77,1,6,24,28.6,3.71
19,55,37.82,1,52,26,20.5,4.91
19,55,50.23,0,26,17,58.9,4.7
19,55,51.76,1,38,29,12.1,4.95
19,56,1.26,1,16,38,5.3,5.71
19,56,14.23,1,11,25,25.4,5.28
19,56,18.4,1,35,5,0.6,3.89
19,56,56.82,0,27,10,11.5,4.54
19,57,45.44,1,16,47,20.8,5.54
19,57,57.02,0,15,29,28.5,5.01
19,58,45.39,1,19,29,31.5,3.51
19,58,57.18,0,26,11,45.0,4.84
19,59,10.58,1,23,6,4.6,5.68
19,59,36.69,1,76,28,53.5,6.2
19,59,44.17,0,35,16,34.5,4.37
19,59,51.28,0,34,41,51.5,5.3
19,59,55.2,1,37,2,34.4,5.15
20,0,3.31,1,17,30,59.5,5.33
20,0,23.11,0,66,56,56.0,5.75
20,0,35.39,0,72,54,36.7,3.97
20,1,6.01,1,27,45,12.8,4.66
20,1,21.55,1,50,6,16.8,5.06
20,1,28.53,1,64,49,15.6,5.22
20,1,52.4,0,66,56,37.7,5.32
20,1,58.58,0,13,38,14.1,5.69
20,2,1.37,1,24,56,16.3,5.23
20,2,20.16,1,64,38,3.8,6.27
20,2,39.46,0,27,42,35.6,4.43
20,2,49.05,1,67,52,24.4,4.51
20,4,6.47,1,17,4,16.2,5.8
20,4,8.31,1,7,16,40.6,5.51
20,4,23.15,0,0,42,32.5,5.67
20,5,9.47,1,19,59,27.2,5.09
20,5,26.33,0,12,39,54.2,6.53
20,5,32.73,1,61,59,42.9,5.4
20,6,21.93,1,35,58,24.7,5.38
20,6,53.4,1,23,36,51.9,5.08
20,7,23.17,0,52,52,50.9,4.93
20,8,1.75,0,0,40,40.9,5.97
20,8,41.86,0,66,10,45.6,3.55
20,8,53.32,1,77,42,40.9,4.38
20,9,25.62,1,36,50,22.5,4.93
20,9,56.61,1,20,54,53.2,6.51
20,10,33.52,1,26,54,14.9,5.51
20,11,18.26,0,0,49,17.3,3.24
20,11,34.74,1,62,4,42.1,5.7
20,11,47.97,1,26,48,32.5,5.51
20,11,57.9,0,12,23,32.5,6.34
20,12,0.7,1,26,28,43.8,5.91
20,12,25.76,0,12,37,1.3,5.84
20,13,13.87,0,1,0,33.4,5.44
20,13,18.04,1,46,48,56.4,4.8
20,13,23.8,1,56,34,3.1,4.28
20,13,37.9,1,46,44,28.8,3.8
20,14,14.52,1,28,41,41.5,5.19
20,14,16.59,1,15,11,50.9,4.94
20,14,31.98,1,36,48,22.1,4.93
20,15,28.32,1,47,42,51.1,3.96
20,15,30.24,1,23,30,32.1,5.18
20,15,46.16,1,27,48,51.2,4.5
20,16,19.78,1,21,35,55.5,6.11
20,16,22.8,0,12,20,13.5,6.3
20,16,47.08,1,24,40,16.1,5.3
20,17,38.86,0,12,30,29.6,4.3
20,17,47.2,1,38,1,58.6,4.77
20,18,1.38,0,21,48,35.6,5.86
20,18,3.22,0,12,32,41.5,3.58
20,18,28.63,1,36,59,59.1,5.58
20,18,39.07,1,34,58,58.0,5.14
20,19,23.6,0,19,7,6.6,5.28
20,19,36.7,1,62,15,26.7,5.71
20,20,39.81,0,12,45,32.6,4.77
20,20,46.52,0,14,47,5.6,6.09
20,21,0.65,0,14,46,53.0,3.05
20,22,3.43,1,24,26,46.0,5.5
20,22,13.7,1,40,15,24.1,2.23
20,22,27.48,0,42,2,57.7,5.6
20,23,51.6,1,32,11,24.7,4.43
20,23,53.19,0,42,25,22.5,5.64
20,25,38.85,0,56,44,5.6,1.94
20,27,2.21,1,49,22,59.6,5.73
20,27,19.2,0,18,12,42.1,5.08
20,27,34.27,1,38,26,25.9,5.63
20,28,14.45,1,81,25,21.6,5.38
20,28,24.89,0,3,21,27.9,6.12
20,28,51.62,0,17,48,49.2,4.77
20,29,20.39,1,36,27,17.0,5.9
20,29,23.73,1,30,22,6.8,4.01
20,29,27.31,1,81,5,26.7,5.96
20,29,34.83,1,62,59,38.9,4.21
20,29,38.96,0,2,53,7.7,4.91
20,29,52.58,0,18,35,10.2,6.74
20,29,53.89,0,18,34,58.7,5.94
20,30,3.53,1,48,57,5.6,4.94
20,30,17.95,1,10,53,45.3,6.03
20,30,59.23,1,36,56,9.1,6.21
20,31,18.81,1,49,13,13.3,5.44
20,31,30.4,1,74,57,16.8,5.18
20,33,12.76,1,11,18,12.0,4.03
20,33,54.19,1,35,15,3.1,4.61
20,33,55.06,0,44,30,57.5,5.12
20,33,57.0,1,13,1,37.9,5.39
20,35,18.51,1,14,40,27.1,4.64
20,35,34.77,0,60,34,52.7,4.75
20,36,8.32,1,25,52,57.4,6.4
20,36,43.63,0,2,32,59.7,4.91
20,37,4.66,1,26,27,43.1,5.59
20,37,31.77,1,31,34,21.1,6.32
20,37,32.87,1,14,35,42.7,3.64
20,37,33.99,0,47,17,30.0,3.11
20,37,35.24,0,61,31,47.1,4.86
20,37,49.1,1,11,22,39.7,5.42
20,38,20.27,0,1,6,18.3,4.31
20,38,31.29,1,21,12,4.2,4.81
20,38,31.91,1,24,6,57.5,5.06
20,38,43.98,1,13,18,54.5,5.69
20,39,7.59,1,10,5,10.1,5.07
20,39,16.32,0,14,57,17.0,5.24
20,39,24.83,1,0,29,11.4,5.15
20,39,38.25,1,15,54,43.4,3.77
20,40,2.27,0,60,32,51.0,5.11
20,40,2.96,0,18,8,19.0,5.15
20,41,2.54,1,32,18,26.3,5.53
20,41,16.21,1,14,34,58.4,6.01
20,41,25.91,1,45,16,49.2,1.25
20,41,43.74,0,75,21,1.5,6.51
20,41,57.06,0,66,45,38.3,5.14
20,42,2.52,0,76,10,50.0,5.99
20,42,12.63,1,50,20,24.1,5.41
20,42,35.1,1,82,31,52.0,5.75
20,43,10.98,1,66,39,26.5,5.59
20,43,27.55,1,15,4,28.9,4.43
20,44,2.19,0,51,55,15.0,4.51
20,44,52.52,1,25,16,15.8,4.92
20,44,57.56,0,66,12,11.7,3.42
20,45,17.27,1,61,50,12.5,3.41
20,45,39.76,1,30,43,10.8,4.22
20,46,5.77,0,25,16,13.9,4.13
20,46,9.97,0,21,30,50.4,5.91
20,46,12.43,1,33,58,10.0,2.48
20,46,38.87,1,16,7,28.6,5.15
20,46,39.52,1,16,7,29.2,4.27
20,47,24.53,1,36,29,26.7,4.53
20,47,40.53,0,9,29,44.5,3.78
20,47,44.24,0,5,1,39.4,4.43
20,47,48.33,1,6,0,29.7,5.57
20,48,29.0,0,43,59,17.8,5.11
20,48,56.29,1,46,6,50.9,4.81
20,49,18.28,0,68,46,35.0,5.41
20,49,28.93,0,46,13,36.8,4.9
20,49,37.74,1,12,32,41.6,6.01
20,49,48.24,1,7,51,51.0,6.32
20,49,58.08,0,33,46,46.8,4.89
20,50,4.83,1,44,3,32.3,5.06
20,51,25.69,0,5,37,35.9,5.99
20,51,30.05,0,51,36,29.4,5.06
20,51,49.3,0,26,55,8.9,4.12
20,51,58.76,0,33,10,40.7,6.06
20,52,7.73,1,27,5,49.7,4.56
20,52,8.69,0,5,30,25.4,5.55
20,52,39.21,0,8,58,59.7,4.73
20,53,14.75,1,44,23,14.2,4.8
20,54,33.64,1,28,3,27.5,5.03
20,54,47.85,0,17,55,22.3,5.78
20,54,48.58,0,58,27,14.7,3.67
20,55,36.68,1,13,43,17.6,5.19
20,55,38.55,1,12,34,6.6,5.54
20,56,54.03,0,9,41,51.1,5.49
20,57,10.41,1,41,10,1.9,3.94
20,58,16.35,1,22,19,33.3,5.3
20,58,25.96,1,10,50,21.7,5.51
20,59,4.54,1,4,17,37.8,5.3
20,59,36.13,0,19,2,6.8,6.26
20,59,49.55,1,47,31,15.4,4.74
21,0,33.81,0,4,43,47.7,6.21
21,1,10.92,1,46,9,20.8,5.38
21,1,17.46,0,32,15,28.0,4.67
21,2,57.97,0,38,37,52.3,5.32
21,4,4.71,0,5,49,23.0,5.53
21,4,24.32,0,19,51,17.8,4.82
21,4,34.64,1,5,30,10.3,5.63
21,4,43.03,0,77,1,22.3,5.13
21,4,55.86,1,43,55,40.3,3.72
21,5,14.23,0,54,43,37.0,5.17
21,5,26.79,1,5,57,30.6,5.94
21,5,56.78,0,17,13,57.8,4.08
21,6,1.12,0,30,7,29.8,5.69
21,6,25.5,0,41,23,9.4,5.55
21,6,36.09,1,47,38,54.3,4.56
21,6,50.84,1,38,44,29.4,5.2
21,6,52.19,1,38,44,3.9,6.05
21,7,7.69,0,25,0,20.7,4.49
21,8,33.61,0,21,11,36.7,5.3
21,8,46.01,0,88,57,23.4,5.45
21,9,32.93,0,20,33,22.8,6.25
21,9,35.59,0,11,22,18.0,4.5
21,10,20.47,1,10,7,55.0,4.7
21,10,31.31,1,10,2,56.0,6.07
21,12,56.18,1,30,13,37.5,3.21
21,13,20.44,0,70,7,34.4,5.06
21,14,28.79,1,10,0,27.8,4.47
21,14,47.35,1,38,2,39.6,3.74
21,15,37.89,0,20,39,6.1,5.17
21,15,44.83,0,15,10,17.4,5.31
21,15,49.4,1,5,14,53.1,3.92
21,17,24.95,1,39,23,40.9,4.22
21,17,55.07,1,34,53,48.8,4.41
21,17,56.25,0,32,10,20.9,4.71
21,17,57.28,0,17,59,6.5,5.4
21,18,11.07,0,4,31,10.2,5.83
21,18,15.64,0,17,27,44.2,7.07
21,18,27.18,1,43,56,45.5,5.04
21,18,34.58,1,62,35,7.6,2.45
21,19,22.21,1,64,52,18.6,5.19
21,19,51.88,0,53,26,57.4,4.39
21,20,45.58,0,40,48,34.2,4.8
21,21,4.33,0,4,33,36.5,5.87
21,21,4.8,1,7,21,16.4,5.81
21,22,5.13,1,19,48,15.7,4.08
21,22,14.78,0,16,50,4.4,4.28
21,22,53.58,1,6,48,40.0,5.16
21,22,56.27,0,9,19,9.4,5.99
21,24,9.6,0,20,51,5.6,5.38
21,24,11.44,0,12,52,41.3,5.48
21,24,24.8,0,41,0,24.1,5.76
21,24,51.68,0,3,23,53.6,6.38
21,25,13.02,0,9,44,53.3,5.71
21,25,16.96,0,3,33,23.7,5.48
21,25,47.02,1,36,40,2.7,5.93
21,26,15.44,0,54,39,38.0,6.1
21,26,26.49,0,65,22,5.3,4.21
21,26,40.03,0,22,24,41.0,3.77
21,27,14.83,0,21,11,46.1,5.78
21,27,21.36,1,37,7,0.5,5.3
21,27,40.03,1,27,36,30.8,5.39
21,27,46.16,1,66,48,32.9,5.42
21,28,39.58,1,70,33,38.5,3.23
21,28,43.32,0,21,48,25.8,4.5
21,29,3.73,0,31,14,18.7,6.52
21,29,26.91,1,46,32,25.2,5.22
21,29,56.88,1,23,38,19.8,4.52
21,31,33.52,0,5,34,16.2,2.9
21,32,5.86,0,41,10,45.6,5.29
21,32,14.58,0,33,56,40.6,5.97
21,33,58.87,1,45,35,31.4,3.98
21,34,46.48,1,38,32,1.8,4.87
21,34,51.07,0,20,5,3.8,5.7
21,36,10.9,0,26,10,17.2,5.73
21,36,48.75,0,33,2,52.4,6.1
21,36,56.98,1,40,24,48.6,5.04
21,37,4.82,0,19,27,57.6,4.51
21,37,43.61,1,6,37,6.2,6.19
21,37,45.04,0,7,51,14.9,4.68
21,37,45.37,1,19,19,6.9,5.46
21,37,55.23,1,62,4,55.0,4.76
21,38,31.87,1,5,46,18.0,5.66
21,39,33.28,1,2,14,37.5,5.1
21,40,5.34,0,16,39,44.1,3.69
21,40,11.06,1,43,16,25.7,5.09
21,41,28.47,0,77,23,22.1,3.73
21,41,32.93,0,14,2,48.7,5.16
21,41,34.27,1,40,48,19.2,6.07
21,41,55.08,1,71,18,40.3,4.55
21,42,0.64,0,23,15,45.5,5.24
21,42,5.66,1,51,11,22.7,4.69
21,42,10.12,1,1,17,7.0,5.66
21,42,15.44,1,5,40,48.5,5.3
21,42,22.94,1,41,4,37.3,5.73
21,42,39.42,0,18,51,58.7,4.72
21,43,4.4,0,14,23,59.1,5.88
21,43,25.63,1,38,17,1.0,5.69
21,43,30.45,1,58,46,48.2,4.23
21,44,0.98,0,14,44,57.8,5.96
21,44,8.4,1,28,44,35.6,4.49
21,44,11.14,1,9,52,30.0,2.38
21,44,30.69,1,17,21,0.2,4.34
21,44,38.7,1,25,38,42.0,4.14
21,44,56.79,0,33,1,32.0,4.35
21,45,0.25,0,9,4,56.7,5.1
21,45,26.93,1,61,7,14.9,4.25
21,46,4.36,1,22,56,56.0,5.29
21,46,16.26,0,9,16,33.4,6.0
21,46,32.08,0,11,21,57.4,5.57
21,46,47.61,1,49,18,34.5,4.23
21,47,2.29,0,16,7,35.6,2.85
21,47,13.96,1,2,41,10.1,5.63
21,47,25.31,1,60,41,33.7,5.53
21,47,44.17,0,30,53,53.9,5.02
21,49,50.68,1,30,10,27.4,5.07
21,50,8.64,1,17,17,9.4,5.34
21,50,47.23,0,69,37,45.9,5.52
21,50,54.25,0,82,43,7.8,5.27
21,52,29.96,1,28,47,37.3,5.52
21,53,3.76,1,25,55,30.5,5.09
21,53,17.58,0,13,33,6.5,5.08
21,53,55.65,0,37,21,53.4,3.0
21,54,53.16,1,56,36,40.4,5.74
21,56,14.04,0,57,53,58.6,6.17
21,56,56.39,1,12,4,35.5,5.54
21,57,55.03,0,54,59,33.2,4.4
21,58,30.07,0,59,0,44.0,6.13
21,59,15.1,1,73,10,49.0,5.04
22,0,7.92,1,6,43,2.8,6.0
22,0,50.22,0,28,27,13.5,5.43
22,1,5.01,1,0,36,17.1,5.6
22,1,5.32,1,13,7,11.9,5.61
22,1,9.24,1,8,15,25.8,5.65
22,2,4.58,1,58,0,1.3,5.55
22,2,26.25,0,16,57,53.4,6.39
22,3,16.43,0,6,31,20.7,5.55
22,3,17.44,0,56,46,47.3,4.69
22,3,18.83,0,2,9,19.2,4.74
22,3,19.02,1,11,23,11.6,5.83
22,3,47.16,1,64,37,39.9,4.26
22,3,52.93,1,63,7,11.2,5.26
22,4,23.83,0,29,54,59.5,6.45
22,4,47.43,0,0,54,22.5,5.29
22,5,0.48,1,62,47,7.9,5.27
22,5,8.79,1,62,16,47.4,5.07
22,5,34.65,1,28,57,50.4,5.69
22,5,40.69,1,5,3,29.8,4.86
22,5,47.03,0,0,19,11.4,2.95
22,5,50.95,0,59,38,9.4,5.62
22,6,6.9,0,39,32,35.0,4.47
22,6,26.21,0,13,52,10.3,4.29
22,7,0.47,1,25,20,42.2,3.77
22,7,50.33,1,21,42,11.1,5.79
22,8,13.88,0,46,57,38.2,1.73
22,8,22.95,0,32,59,18.2,4.5
22,8,25.93,0,34,2,37.4,4.99
22,8,58.99,0,18,31,10.5,5.8
22,9,13.68,1,33,10,21.0,5.58
22,9,48.37,1,72,20,28.3,4.79
22,9,59.25,1,33,10,41.8,4.28
22,10,8.48,0,32,32,54.4,4.94
22,10,11.82,1,6,11,52.0,3.52
22,10,30.18,1,20,58,40.8,6.45
22,10,37.46,0,11,33,53.9,5.43
22,10,51.26,1,58,12,4.5,3.39
22,11,30.58,1,59,24,52.3,5.05
22,12,25.74,0,14,11,37.8,6.04
22,14,18.02,0,21,4,28.9,5.33
22,14,18.74,0,27,46,0.9,5.45
22,15,1.68,1,57,2,36.5,4.18
22,15,36.88,0,41,20,48.3,4.79
22,15,58.17,1,37,44,55.4,4.14
22,16,26.57,0,41,37,37.9,5.11
22,16,48.04,0,12,49,53.2,5.34
22,16,49.97,0,7,46,59.7,4.17
22,17,6.5,0,5,23,14.0,5.75
22,17,50.7,0,77,30,41.7,5.49
22,18,12.59,1,62,48,15.7,5.75
22,18,30.18,0,60,15,34.2,2.87
22,19,0.7,0,13,18,17.9,5.96
22,20,1.48,0,80,26,22.7,5.09
22,20,11.91,0,7,49,16.0,5.35
22,20,27.56,1,5,47,22.2,5.37
22,21,1.53,1,46,32,11.6,4.55
22,21,19.33,1,28,19,49.9,4.78
22,21,31.07,1,12,12,18.6,4.82
22,21,35.58,0,21,35,52.9,5.12
22,21,39.3,0,1,23,14.5,3.86
22,22,44.18,0,45,56,52.5,6.42
22,23,7.79,0,45,55,42.0,5.62
22,23,30.79,0,24,45,45.6,5.53
22,23,33.64,1,52,13,46.2,4.42
22,23,39.36,1,20,50,53.8,6.2
22,24,6.87,0,4,50,13.2,5.79
22,24,27.03,0,13,31,45.9,5.76
22,24,31.0,1,49,28,35.0,4.55
22,24,34.39,0,72,15,13.6,5.28
22,25,16.61,1,1,22,38.6,4.8
22,26,34.15,0,16,44,31.7,5.55
22,26,37.22,1,4,23,37.1,5.76
22,26,42.45,1,78,47,9.4,5.83
22,27,5.31,1,65,7,56.2,5.52
22,27,19.87,0,64,57,59.0,4.51
22,27,51.48,1,4,41,47.1,4.78
22,28,39.18,0,39,7,53.0,5.47
22,28,49.8,0,0,1,12.2,3.65
22,29,7.95,1,9,7,44.7,5.6
22,29,10.25,1,58,24,54.7,4.07
22,29,16.15,0,43,29,44.0,3.97
22,29,31.82,1,47,42,24.8,4.34
22,29,45.45,0,43,44,57.2,4.12
22,29,52.97,1,78,49,27.6,5.45
22,29,57.95,1,4,25,55.4,5.51
22,30,1.79,1,32,34,21.6,5.64
22,30,17.33,0,14,35,8.3,6.36
22,30,29.26,1,43,7,24.2,4.52
22,30,38.82,0,10,40,40.4,4.82
22,30,53.75,0,26,4,24.8,6.43
22,31,17.38,1,50,16,56.8,3.76
22,31,30.29,0,32,20,45.7,4.29
22,31,37.83,0,85,58,2.6,5.76
22,31,41.28,0,10,54,19.7,6.39
22,32,35.38,1,20,13,47.8,6.43
22,33,0.01,0,61,58,55.5,4.91
22,34,2.89,0,1,34,27.0,5.88
22,34,41.5,0,20,42,28.3,5.21
22,35,21.33,0,0,7,2.5,4.04
22,35,45.78,1,73,38,35.3,5.08
22,35,52.28,1,39,38,3.6,5.73
22,36,29.27,0,40,34,57.0,6.28
22,36,58.82,0,40,35,27.1,5.85
22,37,22.47,1,51,32,43.3,4.64
22,37,45.42,0,4,13,39.9,5.04
22,38,39.05,1,63,35,4.3,5.19
22,38,52.62,1,19,31,21.0,5.84
22,39,15.68,1,39,3,1.0,4.89
22,39,47.01,1,19,40,52.1,6.33
22,40,30.78,1,44,16,34.6,4.5
22,40,39.33,0,27,2,37.0,4.18
22,41,27.67,1,10,49,53.0,3.41
22,41,28.65,1,40,13,31.7,5.25
22,41,45.41,1,29,18,27.7,4.8
22,42,22.08,0,29,21,39.6,6.12
22,42,39.93,0,46,53,4.4,2.07
22,43,0.13,1,30,13,16.7,2.93
22,43,14.25,0,6,57,46.5,6.4
22,43,29.97,0,41,24,50.8,4.84
22,43,35.25,0,18,49,49.1,4.68
22,44,5.49,1,41,49,9.2,5.11
22,45,28.19,1,19,21,59.1,6.27
22,45,37.85,0,53,30,0.6,4.84
22,46,3.72,0,81,22,53.8,4.13
22,46,31.84,1,23,33,56.4,3.97
22,46,41.44,1,12,10,26.7,4.2
22,47,33.19,0,19,36,46.3,5.24
22,47,42.75,0,14,3,23.1,5.68
22,48,30.19,0,10,33,19.8,6.19
22,48,33.2,0,51,19,0.1,3.49
22,49,35.51,0,13,35,33.1,4.05
22,49,40.91,1,66,12,2.6,3.5
22,50,0.1,1,24,36,6.1,3.51
22,50,21.77,1,41,57,12.3,5.91
22,50,22.75,0,80,7,25.7,5.32
22,51,20.94,0,29,32,10.6,5.99
22,52,1.95,1,43,18,44.5,4.95
22,52,23.77,1,9,50,8.0,5.16
22,52,31.56,0,32,52,31.6,4.46
22,52,36.86,0,7,34,46.8,3.73
22,53,28.69,0,11,36,59.5,5.8
22,53,37.74,0,48,35,53.1,6.03
22,54,34.13,0,7,12,16.3,6.2
22,54,39.04,0,15,49,14.7,3.27
22,54,39.56,0,70,4,26.0,6.04
22,54,45.6,0,16,16,18.3,5.53
22,54,59.47,1,1,3,53.6,6.11
22,55,13.62,1,8,48,57.9,4.91
22,55,56.89,0,32,32,22.9,4.2
22,56,23.63,1,41,36,14.0,5.6
22,56,47.82,0,47,58,9.2,5.72
22,57,27.85,1,20,46,7.3,5.45
22,57,38.83,0,29,37,18.6,1.17
22,59,11.8,1,11,43,44.2,5.76
22,59,27.4,1,0,57,47.1,5.43
23,0,37.88,1,0,11,9.0,6.22
23,0,52.87,0,52,45,14.8,4.11
23,1,23.65,0,7,3,40.1,6.23
23,1,55.25,1,42,19,33.5,3.62
23,2,32.56,0,6,34,26.1,6.18
23,2,36.34,1,42,45,28.1,5.09
23,3,29.76,0,34,44,58.6,5.12
23,3,46.33,1,28,4,56.8,2.44
23,3,52.61,1,3,49,12.3,4.48
23,4,10.83,1,50,3,6.1,4.64
23,4,39.57,0,53,57,52.7,5.37
23,4,45.62,1,15,12,19.3,2.49
23,5,9.71,0,7,41,37.7,5.44
23,6,36.81,1,59,25,11.2,4.84
23,6,40.81,0,23,44,35.2,4.48
23,6,52.77,0,43,31,13.2,4.28
23,6,53.6,0,38,53,32.3,5.62
23,7,0.26,1,9,24,34.3,4.54
23,7,6.74,1,25,28,6.0,4.76
23,7,39.28,1,46,23,14.3,5.3
23,7,45.25,1,49,17,43.6,5.68
23,7,53.84,1,75,23,15.3,4.41
23,8,40.84,1,2,7,39.4,5.42
23,9,26.76,0,21,10,20.9,3.68
23,9,31.45,1,8,40,37.8,5.05
23,9,44.14,1,59,19,57.7,5.68
23,9,54.88,0,22,27,27.3,4.71
23,10,1.47,1,9,49,19.6,5.39
23,10,21.43,0,45,14,47.9,3.88
23,10,27.36,1,43,32,41.1,5.91
23,11,44.19,1,8,43,12.5,5.15
23,11,49.31,1,26,50,51.3,6.19
23,12,32.92,1,49,24,21.5,4.53
23,14,19.33,0,6,2,54.7,4.22
23,15,46.28,1,28,14,52.5,6.51
23,15,53.28,0,9,5,15.7,4.24
23,16,50.95,0,7,43,35.3,4.93
23,17,9.49,1,3,16,56.1,3.7
23,17,25.81,0,58,14,9.3,3.99
23,17,44.62,1,49,0,55.0,4.82
23,17,54.2,0,9,10,57.0,4.41
23,18,9.79,0,40,49,26.6,5.54
23,18,23.33,1,41,46,25.3,5.98
23,18,37.41,1,68,6,41.1,4.75
23,18,49.43,0,32,31,54.6,4.41
23,18,57.65,0,9,36,38.6,4.99
23,19,6.51,0,13,27,30.4,5.2
23,19,23.86,0,5,7,27.5,5.56
23,19,29.79,1,48,37,30.7,5.44
23,19,52.38,1,42,4,40.9,5.81
23,20,20.54,1,5,22,53.2,5.05
23,20,38.22,1,23,44,25.3,4.58
23,20,49.5,1,30,24,54.3,5.58
23,20,53.17,1,38,10,56.9,5.77
23,21,54.93,1,31,48,44.9,5.35
23,22,39.1,0,15,2,21.8,5.19
23,22,40.5,1,20,49,43.5,6.28
23,22,58.3,0,20,6,1.2,3.96
23,23,4.56,1,12,18,50.2,5.09
23,24,50.25,1,62,16,58.2,4.96
23,24,50.82,1,32,23,5.5,5.56
23,25,22.66,1,23,24,14.4,4.42
23,26,2.82,0,20,38,30.7,4.38
23,26,36.54,0,52,43,18.9,5.53
23,26,55.91,1,1,15,21.0,4.95
23,27,7.33,1,42,54,43.1,5.75
23,27,14.77,1,1,7,21.7,6.26
23,27,40.37,1,25,10,2.5,5.99
23,27,58.17,1,6,22,44.8,4.27
23,28,3.57,0,87,28,56.1,5.5
23,29,9.26,1,12,45,37.8,4.54
23,31,17.2,1,39,14,11.0,5.22
23,31,42.04,0,21,22,10.0,6.24
23,31,57.56,0,1,5,9.3,6.39
23,32,58.19,0,37,49,6.1,4.38
23,33,16.63,0,20,54,52.3,4.7
23,33,28.09,1,22,29,55.7,5.33
23,33,57.15,1,31,19,31.2,4.97
23,34,8.95,0,1,14,51.1,5.91
23,34,37.55,1,40,14,11.6,5.55
23,34,38.21,1,33,29,50.2,5.63
23,35,4.53,0,42,36,54.4,4.69
23,36,23.35,1,2,6,7.5,5.68
23,37,33.71,1,46,27,33.0,3.81
23,37,39.66,1,16,49,31.8,6.26
23,37,56.77,1,18,24,2.2,5.49
23,38,8.18,1,43,16,5.1,4.29
23,39,8.35,1,50,28,18.3,5.35
23,39,20.98,1,77,37,55.1,3.21
23,39,27.92,0,46,38,16.4,6.07
23,39,47.04,0,14,13,19.4,4.97
23,39,56.82,1,5,37,38.5,4.13
23,40,24.44,1,44,20,2.3,4.15
23,40,38.21,0,32,4,22.8,5.3
23,41,34.51,0,18,1,36.8,5.36
23,41,45.8,0,17,48,59.5,4.82
23,42,2.88,1,1,46,49.5,4.49
23,42,43.28,0,14,32,41.1,4.49
23,43,22.36,1,10,19,53.4,5.09
23,43,59.44,1,29,21,41.6,4.93
23,44,12.06,0,18,16,36.9,5.24
23,46,0.84,0,18,40,42.1,5.28
23,46,2.04,1,46,25,13.0,4.97
23,46,23.54,1,3,29,12.7,4.95
23,47,3.39,1,58,39,6.7,4.88
23,47,15.99,0,50,13,35.1,5.18
23,47,56.49,0,2,45,41.8,5.49
23,48,50.17,1,62,12,52.3,5.43
23,48,55.48,0,28,7,48.1,4.59
23,49,27.48,1,1,4,34.3,5.77
23,49,39.35,1,28,50,32.4,5.95
23,51,21.25,1,9,18,48.6,5.77
23,51,21.32,0,18,54,33.0,5.17
23,51,57.83,1,2,55,49.5,5.59
23,52,6.69,0,82,1,7.6,5.1
23,52,29.29,1,19,7,13.3,5.06
23,52,37.12,1,10,56,50.4,5.3
23,52,55.52,0,3,9,19.4,5.93
23,53,4.75,1,2,5,26.3,6.29
23,54,23.04,1,57,29,57.8,4.51
23,55,7.78,1,7,4,15.7,6.22
23,57,32.99,0,82,10,11.1,5.72
23,57,34.97,0,64,17,53.1,5.0
23,57,45.55,1,25,8,29.3,4.63
23,58,21.17,0,15,50,50.9,6.28
23,58,40.41,0,3,33,20.9,4.88
23,58,55.72,0,52,44,45.4,5.13
23,59,0.53,1,55,45,17.8,4.88
23,59,18.6,1,6,51,48.9,4.03
23,59,54.91,0,65,34,37.5,4.49
